序号,股票代码,股票简称,每股收益,营业总收入-营业总收入,营业总收入-同比增长,营业总收入-季度环比增长,净利润-净利润,净利润-同比增长,净利润-季度环比增长,每股净资产,净资产收益率,每股经营现金流量,销售毛利率,所处行业,最新公告日期
1,688835,高凯技术,1.42,327225507.59,35.4580007504,-11.0833,106153706.42,95.0669283072,-2.1669,11.29475507107,13.43,1.708491638765,57.6870164616,,2026-08-06
2,600727,鲁北化工,0.32,3030708272.99,17.5506209926,17.774,171606773.58,119.46,103.4287,6.33292278542,5.24,0.208108852432,13.5116974764,化学原料,2026-08-06
3,301688,格林生物,0.99,608180576.57,11.0728138075,-8.7801,98521225.78,4.1722149757,-3.2994,8.5108566229,12.32,0.9194351067,31.9778455976,,2026-08-06
4,301319,唯特偶,0.2886,934323213.37,40.6196595146,36.9201,52084473.39,23.47,-24.9451,6.594030096871,4.34,-1.310437491101,14.6963979879,电子化学品Ⅱ,2026-08-06
5,300285,国瓷材料,0.37,2512750568.08,16.6377097022,36.136,362756609.66,9.36,54.9814,7.351558960565,4.98,0.457022123369,37.6628981074,电子化学品Ⅱ,2026-08-06
6,300191,潜能恒信,0.3675,692518043.58,200.4882733844,127.3137,117604906.69,522.94,185.6187,3.843348657219,10.0,1.232259335094,58.341749896,油服工程,2026-08-06
7,874774,里得科技,0.37,181777243.59,14.4317212184,90.763,23683405.86,-8.16,2732.7883,11.571843266855,3.27,-0.463629166902,34.8066206091,,2026-08-05
8,874158,天元重工,0.17,232098427.22,21.9149530305,75.4656,29682097.72,263.18,0.2416,3.77906293236,4.7,0.337670719393,27.6980699482,,2026-08-05
9,873974,培源股份,0.51,381763184.2,14.8496807666,9.1498,34204151.29,-1.42,64.1217,8.932836397628,5.86,0.698033081987,25.0058101595,,2026-08-05
10,873442,鑫源电气,0.23,48375858.85,20.3050504056,,7202909.09,88.31,,2.686684713961,8.42,-0.102913940584,35.9202678631,,2026-08-05
11,873332,美辰环保,0.2,64497765.04,8.1587387973,,6561558.74,-24.32,,2.448051906444,8.37,0.15084923575,30.8271994195,,2026-08-05
12,873117,睿观博,-0.15,1498254.11,-37.0000618035,,-734508.42,-26.53,,1.123207034,-12.28,0.005171554,51.2821700185,,2026-08-05
13,871563,聚欣科技,-0.03,2992752.56,-20.3734847142,,-460118.19,-168.81,,1.130510508,-2.45,-0.092915278,36.0610808399,,2026-08-05
14,839667,瑞法科技,-0.01,373584.9,126.2857103399,,-79024.96,74.82,,0.043947818,-10.71,-0.003907242,43.2128198972,,2026-08-05
15,839013,中研宏科,-0.2758,10767499.23,-32.7616515915,,-4085422.46,-213466.96,,1.808643123212,-14.1704,0.002527979505,46.4829242435,,2026-08-05
16,838878,诺安智能,0.12,66971159.87,40.3389979595,,6392846.7,208.19,,3.231344703914,3.61,0.299082919966,56.0147532652,,2026-08-05
17,838857,惠斯安普,-0.11,3443578.9,-50.8163559431,,-5722884.98,-40.56,,0.968899255644,-11.15,-0.11625017635,60.9684950155,,2026-08-05
18,838067,三土能源,0.57,28127953.96,8.2173063593,,7378422.48,2.44,,7.601602946923,7.65,0.690298083077,45.4092788198,,2026-08-05
19,836816,丁义兴,-0.04,47515417.24,4.2612293304,,-2497917.01,5.81,,0.515778790303,-9.39,-0.012784435763,8.8929457331,,2026-08-05
20,836216,恩普特,-0.09,10033169.74,19.332612168,,-1900319.38,12.53,,1.131359012987,-8.05,-0.226102176823,58.5857638446,,2026-08-05
21,835570,华晋传媒,0.0158,97644344.98,-17.9921396041,,805499.59,-56.65,,1.64542043098,0.96,0.08190595,3.0541928369,,2026-08-05
22,834002,易构软件,-0.17,16636844.06,-17.1874019789,,-9964297.47,-53.5664639386,,0.990472722333,-15.47,-0.022536654667,32.5338801066,,2026-08-05
23,832989,鑫博技术,0.32,128877897.58,40.8835337811,,17104815.35,37.56,,2.876222316981,10.82,-1.078985059245,27.8827539049,,2026-08-05
24,832875,富仕德,-0.0217,45771603.12,19.3412824406,,-786788.02,-482.05,,1.720199845814,-1.25,0.457073737115,21.5411835896,,2026-08-05
25,832369,江苏神农,0.22,46369436.67,23.1720028242,,2288101.22,17.43,,7.11937155311,3.12,-0.418006946411,37.5109588753,,2026-08-05
26,831935,倍格曼,-0.08,18266531.94,-29.01583783,,-1697321.68,-289.92,,2.4891900205,-3.35,-0.33577574,8.8529551494,,2026-08-05
27,831804,绿宝石,0.31,191049907.5,4.3803067566,,17704341.09,32.19,,4.109392556326,7.79,0.225217443749,24.4356823308,,2026-08-05
28,831594,赛力克,-0.08,90932.81,-86.6829866433,,-4142204.15,-30.23054298,,0.774386062288,-10.14,0.002326495907,0.0,,2026-08-05
29,688668,鼎通科技,1.32,1029145854.96,31.1725087259,24.9982,183763471.96,59.24,28.768,15.071423266012,8.93,1.259584207597,33.9848257673,通信设备,2026-08-05
30,603606,东方电缆,0.69,5799552532.02,30.8480996014,1.1666,564785958.32,19.41,-47.9887,10.252710206336,6.65,-0.190724219754,19.4380150456,电网设备,2026-08-05
31,603468,津富士达,0.51,3087591778.24,19.1265776408,26.863,188525905.55,-3.482446293,26.9086,7.989700033074,6.54,1.042850678977,13.2746563535,摩托车及其他,2026-08-05
32,603063,禾望电气,0.36,1725464687.46,-8.4293576273,100.7219,156381360.73,-35.56,105.9024,11.76312573657,2.97,0.394191289084,37.8617782565,风电设备,2026-08-05
33,600595,中孚实业,0.47,14258068458.79,34.8459302154,14.744,1880832103.43,165.84,28.975,4.565072387153,10.42,0.252993195662,21.6860462661,工业金属,2026-08-05
34,600206,有研新材,0.217,6157898140.55,50.3538965052,8.2547,183333652.78,40.89,7.694,5.150066584133,4.22,-1.122674257574,7.4200648174,半导体,2026-08-05
35,430683,新中德,0.14,46576415.52,66.7001476646,,2959312.58,76.0,,3.216699241475,4.21,0.471149570507,17.5403927692,,2026-08-05
36,430586,兴港包装,0.15,42323674.5,-2.8874411635,,934810.19,-13.65,,7.220099695312,2.02,-0.480758496875,22.0996706229,,2026-08-05
37,300768,迪普科技,0.11,536777323.65,-2.5173703851,6.218,72413335.79,38.86,-42.5892,5.487524179707,2.06,-0.089332561015,62.3351878643,软件开发,2026-08-05
38,300471,厚普股份,0.1766,424978883.03,8.3647055886,52.4979,83051591.14,518.55,3828.5111,3.512078423361,5.16,-0.137141366582,28.9247629726,专用设备,2026-08-05
39,300396,ST迪瑞,0.0279,408534485.45,16.4929851643,29.7841,7596925.03,126.83,867.7957,5.671422333337,0.49,-0.416417130791,45.3484684569,医疗器械,2026-08-05
40,002568,百润股份,0.46,1657844914.77,11.340976409,7.2894,478883744.22,23.08,21.2576,4.792848096704,9.3,0.423471665522,70.658792155,非白酒,2026-08-05
41,002145,钛能化学,0.117,4557336219.66,20.8891244365,8.9112,419752772.27,61.93,204.0518,3.475050958195,3.43,0.093353435157,17.9061500503,化学原料,2026-08-05
42,001235,里得电科,0.37,181777243.59,14.4317212184,90.763,23683405.86,-8.16,2732.7883,11.571843266855,3.27,-0.463629166902,34.8066206091,,2026-08-05
43,874709,华大海天,0.64,298935125.06,15.4538435463,33.5525,35250720.16,24.32,58.5506,10.780393350545,6.13,1.229666257273,22.1013266697,,2026-08-04
44,874386,杰锋动力,1.27,1120023674.66,10.966866532,-2.7387,63144048.46,39.58,-45.5154,16.550504415304,8.08,-2.114635703008,18.1966787909,,2026-08-04
45,874237,天策模具,0.13,37227991.26,-14.1685222371,,1275299.14,-66.77,,3.055796399,4.26,-0.217506071,22.4912280964,,2026-08-04
46,874178,孕婴世界,0.38,1015947136.5,45.498284853,-26.6416,135077601.47,59.85,-17.0935,2.659256887335,15.18,0.120099334611,21.7405891197,,2026-08-04
47,872478,毅达科技,0.16,69658609.33,67.3021567096,,2572957.18,211.78,,1.611674443445,8.31,-0.637557766282,27.2979665728,,2026-08-04
48,835447,微卓科技,0.34,25558481.35,-5.9785828087,,6837565.48,-31.03,,2.629460602956,12.05,0.740008785714,85.9690221774,,2026-08-04
49,603558,健盛集团,0.53,1210689612.87,3.4046268071,10.2751,174670759.5,23.23,-8.7636,6.534646876098,8.82,0.331391912461,30.4555193346,纺织制造,2026-08-04
50,603456,九洲药业,0.44,2575246576.12,-10.2997625097,14.4856,387393043.36,-26.33,25.1183,10.006998725886,4.35,0.622228502166,36.8923740798,医疗服务,2026-08-04
51,603259,药明康德,3.8,28897478718.36,38.9349828598,32.3737,11080173661.42,29.43,38.2055,27.929121857355,13.19,3.250647383225,53.9094753581,医疗服务,2026-08-04
52,603206,嘉环科技,0.1,1793476857.46,-6.5682207653,23.8694,31284698.25,-30.77,15.4883,7.468665791232,1.37,-3.71146284108,13.8740917997,通信服务,2026-08-04
53,603179,新泉股份,0.58,8014533544.08,7.445266489,20.2326,414166694.69,-1.9,3.5229,10.646362354787,5.46,0.287032324648,20.0822112039,汽车零部件,2026-08-04
54,600201,生物股份,0.1,756440407.6,22.091454375,18.3322,104100301.02,72.28,-70.9122,4.867139077985,1.92,0.045895165052,53.9137969935,动物保健Ⅱ,2026-08-04
55,300852,四会富仕,0.5473,1232623307.92,43.3851447255,14.8335,87853721.76,16.53,98.1231,14.134762820716,3.83,0.099256891825,20.9381207731,元件,2026-08-04
56,300298,三诺生物,0.4096,2537036279.21,12.0763608674,4.6968,221337341.6,22.52,26.5808,5.311458417096,7.02,0.426490913151,53.1923818878,医疗器械,2026-08-04
57,300284,苏交科,0.063,1764832662.89,-0.6117204331,2.732,79608763.78,-16.55,-6.3821,6.571217012392,0.95,-0.20557503135,29.2684997451,工程咨询服务Ⅱ,2026-08-04
58,002657,中科金财,-0.4212,309232276.94,15.7272663933,181.6039,-143226762.15,-68.61,-215.6114,4.691575757231,-8.61,-1.303276500672,14.9118713791,IT服务Ⅱ,2026-08-04
59,002577,雷柏科技,0.05,229339229.66,10.0819445774,13.2286,14915609.47,-2.52,110.4397,4.179551028544,1.28,-0.007454621608,29.2603350894,计算机设备,2026-08-04
60,920454,同心传动,0.14,72198340.61,-11.5904587245,0.3382,14169690.33,-0.48,-10.6257,3.102524370599,4.26,0.099351200761,31.1812847218,汽车零部件,2026-08-03
61,920002,万达轴承,0.56,201361490.17,12.2379484584,6.417,35428935.84,4.44,31.4482,11.926858388122,4.73,0.168494954842,32.5106217801,通用设备,2026-08-03
62,874810,中欣晶圆,-0.04,1234058333.91,57.6907076542,10.0406,-220168942.67,51.25,33.3183,0.879855952534,-4.68,-0.01676874458,-4.7710599728,,2026-08-03
63,874583,惠尔信,0.03,326781941.76,-13.31174266,,4433056.78,126.8,,4.617175024053,0.61,0.287642366474,15.0874795114,,2026-08-03
64,873453,家盛控股,-0.06,,,,-572120.0,-226.25,,0.623036821,-8.78,-0.067775574,,,2026-08-03
65,873208,新桥信通,-1.03,9835399.79,-23.1802403453,,-10279883.85,-25.15,,-0.265303591,,-0.583841664,-14.0733878597,,2026-08-03
66,871954,朝霞文化,0.61,198102557.18,-2.2720867954,,27406686.09,-5.58,,7.80805371365,7.64,0.145736927886,57.215142426,,2026-08-03
67,870356,司巴克,-0.11,388035.4,,,-542625.94,-87.95,,0.312828082,-29.56,-0.412826378,5.3571426731,,2026-08-03
68,838481,轻叶能源,0.7295,132898963.73,1081.2220266622,,18820744.46,484.84,,3.968741881008,19.9,0.215341483333,30.1815856228,,2026-08-03
69,836772,华宇教育,-0.01,419538.38,-18.204322741,,-83052.39,-151.73,,0.124983283333,-4.51,0.012003686806,22.0263948199,,2026-08-03
70,835415,海德科技,0.0534,62732651.88,4.9219349327,,6478610.76,11.19,,1.492034038386,3.64,-0.080951135832,30.1992072266,,2026-08-03
71,833909,中丹建业,-0.06,302623.1,,,-803470.37,-59.12,,-0.013880203571,,-0.079977115,1.1283507439,,2026-08-03
72,831869,东南药业,0.13,9003485.9,90.2498766522,,2079396.15,705.82,,0.896673588283,15.12,0.310096237582,64.0338218334,,2026-08-03
73,831686,正大环保,0.8426,71014898.28,6.6407917638,,23137072.49,46.21,,5.321066357611,16.76,3.109697339403,37.3642658268,,2026-08-03
74,831622,攀特电陶,0.05,25123579.04,19.8388583002,,3408924.59,214.25,,0.445733442901,11.34,0.085212270763,43.4901975654,,2026-08-03
75,830773,正扬股份,-0.05,22018.35,-76.3010457705,,-1382283.73,-4.27,,0.074806466972,-52.16,-0.052125856434,78.2708513581,,2026-08-03
76,603400,华之杰,0.34,674360780.28,-3.5961815273,-29.5183,44252752.13,-46.78,-57.9039,9.160538806821,3.51,0.521197005085,21.9523555742,通用设备,2026-08-03
77,430408,帝信科技,-0.27,57949736.59,2.1217819783,,-25932446.89,-10.52,,1.815264568384,-13.69,0.035811949368,26.7951131165,,2026-08-03
78,301366,一博科技,0.3063,708792806.39,41.6284239216,32.962,63829325.44,1561.55,350.2962,10.523823487475,2.92,0.251799191969,31.4357180859,元件,2026-08-03
79,002981,朝阳科技,0.055,803639195.32,-8.0306899281,17.692,7410686.38,-85.87,437.1433,7.64995597315,0.7,0.141592142032,17.5893095861,消费电子,2026-08-03
80,688313,仕佳光子,0.6964,1495490807.64,50.6601605112,59.3668,314784732.28,45.3,70.9553,3.798686944995,18.51,-0.840148964373,36.1813534002,通信设备,2026-08-01
81,688266,泽璟制药,2.42,1205379571.43,220.8781295535,-66.8665,640011104.13,979.0933971189,-98.8305,6.499558778209,45.7,3.054359312938,94.6415800084,化学制药,2026-08-01
82,605507,国邦医药,0.44,3142428542.07,3.8378674034,6.6191,341348063.99,-25.07,12.5062,10.735911355336,3.96,0.58151447219,23.7739178536,化学制药,2026-08-01
83,603058,永吉股份,0.1981,356554099.57,-16.6549173007,-6.4744,81919008.86,44.72,807.1478,2.711997151169,6.84,0.167157054132,29.3580376908,包装印刷,2026-08-01
84,600641,先导基电,0.2266,1146692842.72,64.0557371166,14.2674,210130445.65,414.95,1443.2236,8.882719239974,2.54,-1.216731936376,19.9716152973,半导体,2026-08-01
85,600351,亚宝药业,0.2566,1144946503.15,0.486045041,0.1577,177596487.26,1.83,-33.4965,4.076594253044,6.25,0.509915841147,53.9852018867,中药Ⅱ,2026-08-01
86,301522,上大股份,0.1653,1289840137.68,6.4741570004,13.278,61463201.96,2.78,55.1564,5.245274615216,3.16,-0.662751078117,12.3653881424,金属新材料,2026-08-01
87,300901,中胤时尚,0.013,217404405.35,21.269151564,38.0916,3066942.55,222.34,216.5398,4.048707425417,0.32,-0.001427155333,22.4009657309,服装家纺,2026-08-01
88,300738,奥飞数据,0.1995,1468814395.33,27.946442384,8.9616,196571835.59,123.64,11.989,3.722832050496,5.04,0.864715486168,34.4214777025,通信服务,2026-08-01
89,300618,寒锐钴业,0.32,3906787023.01,23.3182846948,9.5241,98631642.07,-22.5,-47.6649,17.970219049523,1.79,-0.264503571427,16.6408021571,能源金属,2026-08-01
90,002413,雷科防务,-0.01,561373936.6,3.6220203369,7.5572,-18120351.81,56.52,86.3284,2.493449549774,-0.55,-0.111736123176,36.814038999,军工电子Ⅱ,2026-08-01
91,002064,华峰化学,0.4,14166625096.76,16.7264470426,9.3573,1982794883.9,101.64,96.5491,5.798972684215,7.03,0.27665320223,21.8245393526,化学纤维,2026-08-01
92,000603,盛达资源,0.5653,1151604179.51,27.0844234537,99.6017,390059947.25,456.46,291.2258,5.443630584829,12.14,0.830310961873,69.1464368208,贵金属,2026-08-01
93,920262,太湖雪,0.3346,324835856.55,15.6731102536,40.4723,27057521.66,42.52,79.8936,4.574830648368,7.29,0.426578059916,44.6213685642,服装家纺,2026-07-31
94,920050,爱伦医疗,0.97,641650456.84,46.4273924979,17.8501,62677845.41,26.17,55.0734,15.488204299853,5.88,1.081532922147,24.6821826747,医疗器械,2026-07-31
95,875012,毫厘技术,0.48,119981280.72,4.1364432838,,12927041.9,1.69,,5.897208678519,8.49,0.021947014444,23.9209797877,,2026-07-31
96,874921,奥飞能源,1.55,80782799.03,31.6606390001,,19869357.4,37.54,,8.60896820172,19.78,4.093345095387,58.925197804,,2026-07-31
97,874798,环能涡轮,0.88,280027210.71,5.6794221831,16.7845,58296755.35,-40.67,6.5331,14.870791966818,6.13,0.846152981818,36.9101171661,,2026-07-31
98,874669,德硕科技,1.01,666777172.14,30.2482480655,33.1475,50431537.22,13.87824652,6.0158,10.4608980722,10.13,3.1152814738,18.316860472,,2026-07-31
99,874640,百迈科,0.95,122374583.43,27.7207333004,32.4649,38640799.06,10.4074794355,82.415,9.700303469373,10.32,0.997846711685,64.58907767,,2026-07-31
100,874618,润奥供电,0.06,18064181.69,-5.5456681672,,2963211.07,-37.26,,1.274218370326,4.76,0.511723611678,54.8663117991,,2026-07-31
101,874323,中宏立达,-0.49,22839876.16,-19.7692275636,,-7403359.17,-424.09,,7.738850593887,-6.08,0.133889243199,63.5412861626,,2026-07-31
102,873553,华成工控,-0.11,87209856.39,-12.7933726883,,-3444569.54,338.83,,3.641234423041,-3.1,-0.443083251436,20.9816909779,,2026-07-31
103,873323,中玒口腔,0.2495,40035145.77,68.3842221834,5.5543,3663341.13,82.94,39.7917,1.42981515872,17.18,0.486514807312,48.6271276789,,2026-07-31
104,873263,砾达智能,1.72,40926850.76,96305.4711075799,,8620819.92,2063.67,,2.346874338,116.12,-1.392625854,32.2614696582,,2026-07-31
105,873126,智信恒瑞,0.43,64342831.04,21.1913017546,,17864588.2,-10.16,,2.355320480084,19.91,-0.062897226757,52.2961515621,,2026-07-31
106,872896,新威环境,0.15,110145369.1,-3.6951694802,,6118093.06,-47.92,,1.857360911184,8.59,0.159716926743,11.7383079068,,2026-07-31
107,872094,惠而顺,0.86,149436686.49,60.2001476901,,36691508.92,457.6,,5.106791490965,18.14,-0.130196036376,48.308220863,,2026-07-31
108,871866,力源电力,0.053,40869755.34,137.9119847674,,2989649.19,302.41,,0.936972582487,5.8,0.067144320049,20.8744000032,,2026-07-31
109,871664,华旭环保,-0.06,8168738.59,-7.5657479063,,-3523354.31,-281.1848098536,,1.953981028667,-2.84,-0.066191498667,-8.9304935145,,2026-07-31
110,871621,金誉股份,0.4,3252730288.02,41.6577726785,,103488555.09,4023.71,,3.775356694182,11.13,-0.892103178129,7.354872396,,2026-07-31
111,839982,骏昌通讯,0.47,37614165.59,28.3109890773,,9491516.17,23.02,,5.9552813335,7.95,0.2336536805,53.1252791244,,2026-07-31
112,838314,华仪电子,0.0272,55675060.15,-46.4055338882,,2995970.37,-78.95,,1.816677223091,1.51,0.268948428818,25.9927150523,,2026-07-31
113,836939,宝亚安全,-0.04,13562551.51,-82.1652891657,,-739704.8,-106.26,,3.103343649391,-1.01,-0.272109814744,53.4650481117,,2026-07-31
114,836909,智房科技,0.01,20304381.91,-20.3644396157,,564999.44,-77.21,,0.465956106478,1.23,-0.01111287915,26.606333076,,2026-07-31
115,836575,绿邦作物,0.17,284789700.83,1.4987330028,,7469918.32,-19.99,,2.309064944528,7.8,-0.906759717642,12.4212606309,,2026-07-31
116,836161,一万节能,0.0942,50569280.03,13.8529165868,,1312640.92,11.38,,3.678570267982,2.48,0.334127748161,12.0049462567,,2026-07-31
117,836041,残友善务,-0.05,141509.43,-5.640205876,,-328028.67,-9.4583028345,,0.01340169,-127.23,-0.016700395714,20.7183507134,,2026-07-31
118,833802,希尔化工,-0.02,31928626.65,37.3032411796,,-742706.39,51.18,,1.415927803211,-1.2,0.056004498394,15.9191334651,,2026-07-31
119,833741,腾轩旅游,0.01,480479899.39,-24.2581416144,,1302796.04,126.79,,0.893955227232,1.33,-0.594376135277,11.6748598477,,2026-07-31
120,833333,科雷斯普,0.018,51215247.64,72.5644165263,,923782.25,552.11,,0.255204188471,7.51,-0.004239153845,5.6272425748,,2026-07-31
121,832888,天地人,0.15,86174297.08,3.7416626294,,7472947.24,46.9,,0.470901716746,38.05,0.144286466348,11.9633376068,,2026-07-31
122,832575,云迅通,0.04,19640055.2,31.0733035768,,931630.01,-0.96,,0.451130554783,9.4,-0.17115807,29.882386634,,2026-07-31
123,832249,普点科技,0.0,0.0,,,-35412.77,78.8697822857,,-0.0033371775,,-4.32e-06,,,2026-07-31
124,831611,圣才电书,-0.05,13168710.7,27.1283578229,,-2445115.22,-10.2942771569,,0.2849763362,-15.81,-0.022713652,27.3304962953,,2026-07-31
125,831577,安阳机床,0.02,93122653.89,-14.3502339554,,3187426.23,7.68,,1.64809706,1.44,0.046577713137,20.7447362731,,2026-07-31
126,831317,海典软件,0.2,77929061.28,6.4159903496,,7708521.43,3.71,,2.993309323865,6.88,-0.406056441589,62.8788480512,,2026-07-31
127,831095,中网科技,-0.0481,307392.91,-21.786646403,,-581841.56,8.21,,0.096690067933,-39.83,-0.033002827226,-50.8292367576,,2026-07-31
128,831002,飞鱼星,-0.05,11654886.85,-18.6895001539,,-1590856.54,-89.83,,1.645040748667,-2.12,-0.107197488,16.6949882486,,2026-07-31
129,688018,乐鑫科技,1.4314,1480711293.55,18.8809951733,28.5149,334226056.86,27.93,46.4028,20.07609170799,7.26,0.309092838897,49.3178487103,半导体,2026-07-31
130,605499,东鹏饮料,3.9949,12443036555.29,15.8933393179,11.3198,2866801858.34,20.72,27.9903,26.526023006696,19.03,3.394992259255,48.3648973261,饮料乳品,2026-07-31
131,603929,亚翔集成,2.3,2547729187.94,51.3555104102,25.3754,490416194.97,204.8,-2.2134,11.190829495079,20.91,-0.613837782387,24.2492882778,专业工程,2026-07-31
132,603877,太平鸟,0.22,2877570811.31,-0.7174513075,-26.1827,101719808.65,30.89,-125.5573,9.30994599257,2.24,0.511852448864,61.2136665098,服装家纺,2026-07-31
133,603797,联泰环保,0.14,521284191.19,0.8468140339,0.0094,82038011.49,-2.89,-29.9534,5.869779018448,2.45,0.254456125881,60.0689092883,环境治理,2026-07-31
134,603309,维力医疗,0.35,768844324.28,3.1781963474,15.3773,101999527.15,-15.76,-29.8464,6.094007778761,5.67,0.548984858942,43.3359026565,医疗器械,2026-07-31
135,603101,汇嘉时代,0.2087,1334526456.12,4.9829625973,-24.2966,98157967.57,46.4,-47.6544,3.118344481611,6.81,0.54574784003,34.9612157744,一般零售,2026-07-31
136,601198,东兴证券,0.306,2505602174.61,11.4013014988,74.4213,1024731981.8,25.13,90.1633,9.418028987687,3.25,3.204945645392,,证券Ⅱ,2026-07-31
137,601059,信达证券,0.3,2435003187.48,19.525880521,22.9373,1097412436.82,7.15,42.6083,6.629124318267,4.62,0.196973818489,,证券Ⅱ,2026-07-31
138,600423,*ST柳化,0.018,76680535.13,12.8050061592,34.9145,14183568.19,311.98,181.6007,0.677274653918,2.66,0.003334026397,25.3215022262,化学原料,2026-07-31
139,600236,桂冠电力,0.2198,5716383159.57,37.5916562809,14.5819,1758973019.31,48.09,4.7306,2.295190526444,9.0622,0.482458084594,56.1330934976,电力,2026-07-31
140,600110,诺德股份,0.0598,6432962337.54,113.3287576188,52.9874,102906126.6,242.07,56.6896,3.461823192857,1.77,-0.630557836444,9.159727711,电池,2026-07-31
141,430692,杰纳瑞,-0.0783,10669144.74,14.0422891354,,-1565800.0,1.91,,0.451131481,-15.97,-0.210263454,33.7318668713,,2026-07-31
142,420079,神州城B3,-0.0008,,-100.0,,-1287655.64,45.74,-157.7556,-6.993396738882,,-1.5369849e-05,,,2026-07-31
143,400079,神州城A3,-0.0008,,-100.0,,-1287655.64,45.74,-157.7556,-6.993396738882,,-1.5369849e-05,,,2026-07-31
144,301678,新恒汇,0.14,597505055.09,25.9566313575,18.7004,33822329.97,-61.98,141.8863,7.513619594914,1.78,-0.441956967027,17.4028214463,半导体,2026-07-31
145,301237,和顺科技,0.1,377406729.18,27.4703247606,19.7043,7789172.1,154.42,463.249,14.462367655875,0.68,-0.106218633875,13.4060523351,塑料,2026-07-31
146,301100,风光股份,-0.11,516513983.31,-5.5245189483,-12.2937,-21055131.34,47.67,-3183.2164,9.993289553141,-1.05,-0.374762823975,11.2371410195,化学制品,2026-07-31
147,300947,德必集团,0.02,596997077.88,-0.8570977916,6.2783,3657233.18,-54.14,391.2434,7.844261596458,0.31,2.197095443548,28.180372458,一般零售,2026-07-31
148,300508,维宏股份,0.0554,286360908.61,10.0553483378,44.0814,6024303.69,-79.4,233.6022,7.950755792226,0.7,0.211126946678,48.6078601146,计算机设备,2026-07-31
149,300463,迈克生物,0.0567,1034014365.87,-3.8156678619,17.5695,34256956.93,0.63,181.2232,10.433230138232,0.54,0.428976037662,57.2874966008,医疗器械,2026-07-31
150,300222,科大智能,0.12,1553476085.87,15.9503360685,65.3294,93809933.05,22.14,144.577,2.331338066144,5.28,-0.203860802508,25.3620866323,电网设备,2026-07-31
151,300209,行云科技,0.0129,254209383.77,497.1086363739,27.0221,12015392.13,540.15,254.5252,1.011850507354,1.3,0.208714387986,34.763493365,软件开发,2026-07-31
152,002868,绿康生化,0.0471,247721056.76,-15.7047497899,-6.9049,7316046.6,112.49,-80.245,0.456522964066,10.91,0.290618374947,22.8853279255,动物保健Ⅱ,2026-07-31
153,002787,华源控股,0.23,1189976333.29,2.3994039166,3.3078,75083257.83,54.81,93.2814,5.482682040538,4.03,-0.318767551102,18.4825000748,包装印刷,2026-07-31
154,002592,ST八菱,0.2,369490603.23,30.4204098249,-9.956,57707187.13,1.64,38.4223,3.481269785656,5.99,0.013977462963,24.9323904924,汽车零部件,2026-07-31
155,002533,金杯电工,0.4356,11861499567.92,27.0656715511,37.254,316907241.48,6.96,40.7879,6.078951981624,6.85,-2.275051038771,9.7039397444,电网设备,2026-07-31
156,002515,金字火腿,-0.01,153977788.32,-9.2592554966,-73.2592,-8128711.9,-135.46,-263.0065,2.142515650717,-0.31,0.013270271105,26.1412218276,食品加工,2026-07-31
157,002296,辉煌科技,0.3029,372161096.54,-7.9050138435,-32.223,118017828.58,-12.27,-60.5227,6.400218094765,4.75,0.295369102046,59.4575411018,通信设备,2026-07-31
158,002162,悦心健康,0.0058,508629451.72,4.229420776,41.493,5331005.23,201.54,358.3323,0.900571147199,0.65,-0.015345003786,25.3587916083,家居用品,2026-07-31
159,002138,顺络电子,0.57,3858502642.34,19.6724390978,29.0154,447107886.72,-7.98,51.351,8.141825645866,6.78,0.776859623835,33.588309397,元件,2026-07-31
160,001359,平安电工,0.5163,686042802.81,20.2685401488,19.2396,124518738.07,-7.81,25.343,8.559849786266,6.04,0.534461203552,35.1895083049,塑料,2026-07-31
161,001217,华尔泰,0.05,1107184269.93,10.284703336,13.318,14935740.18,-49.06,302.3568,6.562616417754,0.68,0.280902795643,7.8051973196,化学原料,2026-07-31
162,000683,博源化工,0.22,6031130596.81,1.9385397709,21.9008,833852270.63,12.27,-1.5069,3.318970601396,6.41,0.212816797853,29.212699088,化学原料,2026-07-31
163,000633,合金投资,0.0062,145676913.66,-11.224239298,-9.0724,2370510.47,-48.19,-44.2519,0.520074491678,1.19,-0.00169061357,11.1225224731,金属新材料,2026-07-31
164,900932,陆家B股,0.2201,8098464183.29,22.7478103144,163.6784,1108155492.41,35.91,356.17,5.066213792125,4.36,1.073908952531,57.9244607449,房地产开发,2026-07-30
165,874715,美富特,0.0599,147821320.19,68.4367858109,,5975426.32,209.12,,3.178649693753,1.91,-0.794718305365,30.9918208964,,2026-07-30
166,874345,秦鼎精铸,0.12,43429443.9,-3.8070105811,,1261186.28,-62.11,,6.386629781631,1.65,0.233422302718,21.7896102741,,2026-07-30
167,873977,宏图智能,0.1,108730150.52,-78.4233873051,,8535969.73,39.5,,3.243968196908,3.28,0.462019574899,29.899190753,,2026-07-30
168,873485,中天青鼎,0.01,15592023.64,-10.3768555427,,192901.32,-88.31,,0.8241660744,0.63,0.038039961333,40.654683679,,2026-07-30
169,872266,百拓股份,-0.09,122641.51,-95.5163670239,,-474177.32,31.51,,0.864562542,-10.4,-0.383643392,-30.0350101691,,2026-07-30
170,871484,聚合电力,0.03,31220429.33,-36.8051585169,,1529524.36,-30.05,,1.16819437,2.65,-0.10452808,38.9167023028,,2026-07-30
171,871466,三科核电,-0.14,40523525.32,24.9103731836,,-6506022.55,-120.81,,1.372417036053,-8.9,0.241737224752,26.4951326796,,2026-07-30
172,837929,傲天科技,-0.13,15227996.59,-36.311807578,,-3755033.87,-366.41,,1.168424532082,-10.16,0.124243631006,30.2851584103,,2026-07-30
173,837509,佩升前研,-0.12,13933476.35,-15.1245121409,,-3135171.83,-312.1,,0.884471689369,-12.93,0.011994325859,6.483777898,,2026-07-30
174,837497,眉车股份,0.0,41025542.24,-3.8425606227,,204225.17,-88.05,,1.223702785907,0.29,-0.137327329365,9.8660591646,,2026-07-30
175,837327,创远科技,-0.02,6878683.72,18.666072466,,-518456.61,64.58,,0.939398397488,-1.88,-0.124142992068,52.8409891769,,2026-07-30
176,836979,惠民水务,-0.03,34931607.61,-6.7945709069,,-4365017.51,-57.01,,1.48453301159,-1.72,-0.001235011019,19.0328441343,,2026-07-30
177,836136,美特林科,1.24,387886018.25,84.9580689078,,107955340.77,202.1,,11.051654146882,11.66,0.550238877132,41.1236877575,,2026-07-30
178,835852,伊普诺康,-0.2,47610131.43,-34.4599593058,,-6778917.48,16.5,,6.882595072146,-2.84,0.246752843462,35.6741898622,,2026-07-30
179,835080,蓝川环保,0.04,14681969.86,3.0535631512,,789277.46,86.91,,3.339315952,0.97,-0.0914980515,22.6644519893,,2026-07-30
180,835052,美信检测,0.05,52607767.1,19.4823763611,,536314.14,123.67,,3.808629244014,1.45,0.663163829852,49.1189887624,,2026-07-30
181,834782,海伊教育,-0.026,527365.61,-21.7154498504,,-128653.02,-536.15,,0.050150758,-40.83,0.02236248,55.5443253116,,2026-07-30
182,832777,兰州华冶,-0.31,10718208.87,512.8069169882,,-3124150.33,24.93,,3.305168147,-9.03,-0.464250768,24.7573233754,,2026-07-30
183,832591,翔宇科技,0.0155,10805036.26,-14.0864849945,,321251.11,-50.2,,2.445705236232,0.6,0.026095833816,51.9004291615,,2026-07-30
184,831391,三达奥克,0.22,76732188.01,-13.9284488006,,13982803.08,24.28,,3.927029179962,5.53,0.304710692406,35.8808238681,,2026-07-30
185,831345,海特股份,0.03,299883155.13,25.3469737966,,2291555.35,-38.72,,2.067428953116,1.43,-0.222730708744,14.1989298304,,2026-07-30
186,831205,圣博华康,0.02,53163953.92,14.9739800437,,2622434.04,-14.44,,1.130982673737,1.79,0.234174095914,34.941965938,,2026-07-30
187,831107,金科信息,-0.06,113173587.12,-5.0735224125,,-4526751.09,-709.63,,1.044892964698,-5.18,-0.275587460004,9.277587834,,2026-07-30
188,830824,华虹科技,0.04,34993032.0,-20.2588381572,,1804446.58,-48.88,,2.781394070588,1.38,0.068727012,51.2190962189,,2026-07-30
189,605033,美邦股份,0.38,554940465.2,14.3431386924,-35.0051,51067435.15,41.32,-56.6332,8.806161807988,4.38,-2.433787075888,37.2438138541,农化制品,2026-07-30
190,601168,西部矿业,1.75,39442827672.0,24.7432887685,10.6576,4169335166.0,123.0,62.876,9.408257758708,20.41,3.503692795216,23.9067381944,工业金属,2026-07-30
191,600885,宏发股份,0.7469,11022043268.08,32.0470131211,15.7931,1155954728.38,19.89,38.6919,8.537374393505,8.82,0.073762193219,32.6768165247,电网设备,2026-07-30
192,600711,盛屯矿业,0.595,19264358104.81,39.5572034727,5.9393,1804077962.85,71.37,-23.1764,5.78401918061,10.471,0.739328888291,22.8700584917,工业金属,2026-07-30
193,600663,陆家嘴,0.2201,8098464183.29,22.7478103144,163.6784,1108155492.41,35.91,356.17,5.066213792125,4.36,1.073908952531,57.9244607449,房地产开发,2026-07-30
194,430537,恒通股份,0.04,3050271.94,-32.1362046445,,299337.74,-76.94,,2.89021885375,1.3,0.18814726625,39.3498869481,,2026-07-30
195,430479,网阔信息,0.0459,34732848.4,-13.3505620317,,1407314.97,420.86,,1.553753574722,2.91,-0.204865963881,78.2545003133,,2026-07-30
196,300671,富满微,0.41,677704332.42,77.0423367042,51.9423,90640014.56,353.41,241.699,7.567866919368,5.46,-0.473924708765,26.1260508071,半导体,2026-07-30
197,002549,凯美特气,0.0315,315552071.14,1.6724017621,5.3699,21921375.45,-60.75,4.261,2.953227424641,1.06,0.078252914853,31.0608827177,化学制品,2026-07-30
198,874838,铭沣科技,0.36,359333411.61,-7.9416838313,,51982078.45,-9.3,,2.52664600869,15.2,0.564484809655,30.9111559686,,2026-07-29
199,874378,华汇智能,1.13,357191342.16,1.732433635,53.2398,57375468.22,13.17,61.5882,6.547453444565,18.89,0.359923104796,32.6516002193,,2026-07-29
200,873512,南方数控,0.035,15536357.21,21.1634329013,,346514.48,114.31,,0.198972615848,19.29,0.060391558717,68.551687735,,2026-07-29
201,872284,新大长远,-0.09,11908129.23,24.4111515008,,-4049402.04,-4.39,,0.385688744961,-20.88,0.113398672664,4.7571850209,,2026-07-29
202,871703,宝泉旅游,0.9,294020054.07,39.8885975991,,127611866.16,57.09,,5.096945687676,19.34,1.401328280704,70.075104442,,2026-07-29
203,870581,中原网,0.0,6449573.11,-25.9659844995,,36708.89,-90.45,,3.123040152,0.04,-0.065219161333,36.0364145093,,2026-07-29
204,832459,华澳能源,-0.04,211600190.4,10.6354126344,,-3679163.83,36.51,,5.463585594729,-0.62,0.627473667712,7.0497488267,,2026-07-29
205,831408,大美游轮,0.62,77680790.25,-15.6807217133,,42879464.44,72.01,,3.38406465058,17.81,0.48033965029,35.3606156704,,2026-07-29
206,830873,奥测世纪,0.25,27497479.95,19.00927702,,3493521.82,3634.23,,2.096917790583,12.44,-0.18962168728,59.6465275357,,2026-07-29
207,603339,四方科技,0.28,965232260.48,12.0457460455,14.06,86291554.71,24.48,3.7734,9.012524989281,3.2,-0.096838642433,20.7264430398,通用设备,2026-07-29
208,301071,力量钻石,0.354,437713020.3,80.9413890974,37.8563,90081556.09,247.61,50.3966,20.921052329816,1.69,0.812806310386,34.4447647883,非金属材料Ⅱ,2026-07-29
209,002290,禾盛新材,0.55,1244743312.28,2.7448558437,19.3034,136212561.61,40.42,116.0063,4.240719937941,13.15,0.069888128252,15.3657032838,家电零部件Ⅱ,2026-07-29
210,874017,伟焕机械,0.67,311588201.11,13.6381431443,,36989997.38,21.48,,9.136551330095,7.56,2.663111946033,26.4370770641,,2026-07-28
211,874015,长沙普济,0.07,65977959.33,31.3483853289,,3464488.53,355.06,,2.254590523521,3.14,0.204033040808,23.1593910984,,2026-07-28
212,873869,早康枸杞,0.0045,113926250.99,36.2186525786,,299142.57,-82.37,,0.551321896364,0.83,-0.117088859545,23.3228665642,,2026-07-28
213,873673,安达创展,0.14,221052191.02,22.8035425372,,11165549.97,27.62,,3.929037771324,3.48,-0.783888979902,32.1873182535,,2026-07-28
214,873255,奔月生物,0.09,54567056.59,14.3064429631,-9.1015,3741665.62,2325.4,-56.7004,1.88674635545,6.32,-0.310733895597,27.8239716026,,2026-07-28
215,873194,伯达装备,0.1,51122687.41,-0.464010501,,4262785.63,-53.19,,2.679913159461,4.0,-0.266597493205,21.631523283,,2026-07-28
216,871670,埃森股份,0.01,2821151.15,-52.1445068015,,83008.64,-70.38,,0.073576390854,7.12,0.058511802439,27.5313947642,,2026-07-28
217,871022,熙成传媒,0.21,11347655.52,309.1331575639,,4945927.39,638.89,,0.913308919314,25.53,0.130865805184,50.2072847555,,2026-07-28
218,838512,成德科技,0.11,244796689.96,16.1670231069,,10479106.56,447.78,,2.350044466069,4.87,0.267556943128,19.1453182221,,2026-07-28
219,838448,联创云科,-0.01,20492952.12,-13.9804547312,,-180604.04,-209.58,,1.490636330588,-0.71,0.183558109412,8.8153485131,,2026-07-28
220,837323,悦芽生物,-0.13,13504368.71,-59.0904167002,,-2568952.66,-58.29,,0.6799665735,-17.26,0.504528546,1.0664224526,,2026-07-28
221,835282,恒旭智造,-0.01,124922.23,738.5415464009,,-170423.74,69.97,,0.015369683846,-59.8,-0.001936981538,,,2026-07-28
222,832718,玖隆再生,0.5444,586754434.74,94.781406426,,16333206.47,18.75,,1.503287025667,42.35,-3.466776996667,4.6807170247,,2026-07-28
223,831824,东方滤袋,0.06,64224254.43,-0.2228765152,,8593281.68,50.58,,1.766981736808,3.72,0.111780565313,21.6282936303,,2026-07-28
224,831685,亿恩科技,0.22,7213158.34,-2.3324394404,,2211275.64,13.58,,1.689040094,14.01,0.242565799,55.0672334194,,2026-07-28
225,603155,新亚强,0.23,409099418.6,27.3043331195,2.9725,72240785.89,22.42,12.7414,7.109126931271,3.14,0.195019271356,24.010696663,化学制品,2026-07-28
226,300854,中兰环保,0.0688,241720202.97,-16.9389270802,36.7629,7329006.24,30.22,-169.416,6.424012781673,0.82,0.5323739041,22.7573647399,环境治理,2026-07-28
227,300299,富春股份,0.0483,216063218.03,19.0207522725,10.4111,33361834.69,443.75,73.2514,0.574570080924,8.78,-0.012472751093,53.0055790126,游戏Ⅱ,2026-07-28
228,300243,瑞丰高材,0.23,1096926572.59,9.0417719356,10.192,58935886.48,348.43,91.2512,5.543153425096,4.74,0.02228296829,18.8638966828,塑料,2026-07-28
229,002848,高斯贝尔,-0.0314,330067071.19,235.5331905234,13.8176,-5241716.52,83.04,-290.2714,0.420158265031,-7.05,-0.029874454143,5.7045458404,黑色家电,2026-07-28
230,002611,东方精工,3.22,1690857649.54,-21.6817305372,-38.5706,3846229995.51,867.75,41018.88,7.784470947634,50.88,0.211922350037,23.4565950131,专用设备,2026-07-28
231,000933,神火股份,2.16,24790857619.36,21.3544213506,-0.2117,4781377305.4,151.06,8.8219,12.307327051235,18.41,3.201619399914,36.1731390551,工业金属,2026-07-28
232,920107,恒兴股份,1.0,435352454.57,5.4895678553,-4.5966,62615955.29,2.46,-31.794,11.813377683993,8.77,1.204399340486,35.2568645356,化学制品,2026-07-27
233,875116,科茂威,0.2,100607385.02,13.1555717253,,12475595.86,15.55,,2.121030458747,9.93,-0.146302804176,35.7226453335,,2026-07-27
234,874627,恒兴股份,1.0,435352454.57,5.4895678553,-4.5966,62615955.29,2.46,-31.794,11.813377683993,8.77,1.204399340486,35.2568645356,,2026-07-27
235,874622,万润光电,0.32,186018100.81,0.7837541445,,17567577.64,-20.67,,9.084728135636,3.51,0.447045033091,19.9383948758,,2026-07-27
236,874617,双英集团,0.31,1578712995.77,-0.9615543782,8.2213,35765279.34,8.96,304.8434,7.042921853636,4.55,1.075272652762,14.3564958322,,2026-07-27
237,874573,信胜科技,1.17,821718473.07,25.4122547966,,122665633.51,39.64,,7.256264020667,17.32,1.368495230952,27.4955844519,,2026-07-27
238,874170,金凤凰,0.7775,113786795.76,44.0101788425,,23324902.42,56.56,,4.594213276333,18.49,-0.184739545667,33.8389844558,,2026-07-27
239,833923,华辰净化,0.3056,47488242.42,-25.0148779802,,7213079.76,-7.42,,7.109597779661,4.39,-0.325451838136,32.3201086371,,2026-07-27
240,688475,萤石网络,0.52,3007090847.54,6.3521377609,12.8424,409619179.66,35.44,24.2665,7.472957305702,6.89,-0.07567601859,50.2743800433,计算机设备,2026-07-25
241,603727,博迈科,-0.25,764310152.21,-26.715844062,96.6926,-70440288.38,-668.72,80.3993,10.962334681485,-2.2155,0.940668228713,5.8025181547,油服工程,2026-07-25
242,300750,宁德时代,9.51,276916580000.0,54.8003691485,14.4462,43284002000.0,41.98,8.7212,81.993154443679,12.08,13.015213596184,23.9283938867,电池,2026-07-25
243,300708,聚灿光电,0.08,895378242.74,-43.8295609321,13.6914,77041792.76,-34.13,60.3273,3.120501606757,2.66,-0.252494481639,21.3534990369,光学光电子,2026-07-25
244,300689,澄天伟业,0.024,255163262.74,21.7646480177,81.3551,2730809.45,-74.89,287.5885,6.037099078201,0.39,-0.157182186851,14.1406918937,通信设备,2026-07-25
245,300409,道氏技术,0.3764,4794043237.54,31.2060255503,14.5266,290113730.85,25.92,69.4628,10.327407772484,3.57,-0.746321064044,23.1544216351,电池,2026-07-25
246,002415,海康威视,0.862,46822537847.07,11.9673178084,26.0272,7895705450.11,39.57,83.8986,9.20326554319,9.17,0.352586646409,49.9672613158,计算机设备,2026-07-25
247,874815,洛科电子,0.3738,62172685.71,28.3795372356,,17649224.13,11.86,,4.344716603474,9.01,0.215415486126,60.0926210656,,2026-07-24
248,874609,恒信通,0.14,57162636.78,14.0727304061,,5449726.79,59.97,,1.866603207436,7.78,0.149692032564,27.1210729128,,2026-07-24
249,874329,奥翔体育,-0.14,16283920.66,-37.9865167262,,-10601551.21,18.62,,2.645738884089,-3.42,-0.006889663311,1.5776405165,,2026-07-24
250,872477,龙成消防,0.13,194826458.26,-15.342580145,,5516059.86,372.67,,2.172062064907,5.79,0.033814498773,13.3757395698,,2026-07-24
251,872175,ST鼎餐饮,0.18,96149597.85,36.6411574787,,1082240.04,174.4,,-0.645965225,,-1.309307106667,10.9515226329,,2026-07-24
252,870386,宏银信息,0.03,18547701.4,2.825108685,,910803.33,-36.29,,1.629530840093,1.79,-0.021499526369,39.9288083751,,2026-07-24
253,839625,德海股份,-0.23,13370851.26,115.3362835006,,-7494778.25,-24.89,,1.328004909091,-16.01,0.075190159091,-6.3320930997,,2026-07-24
254,300416,苏试试验,0.2545,1079374282.39,8.9339158719,30.8803,129442931.43,10.37,97.2218,5.54994375575,4.59,0.140746468091,42.189290664,专业服务,2026-07-24
255,920258,聚仁新材,0.2741,389203754.01,24.5785683591,-6.8235,98685623.77,55.0,7.918,2.523570009944,11.48,0.346879642361,39.7008503973,化学制品,2026-07-23
256,872910,正升环境,0.0047,136287119.9,20.6001567229,,270275.14,291.38,,2.754440501395,0.17,0.012793998812,28.359090469,,2026-07-23
257,688078,龙软科技,-0.2,87537611.19,1.8171154661,181.6538,-14878850.67,-408.75,12.4394,9.073443730674,-2.22,-0.188873781296,22.6874327618,软件开发,2026-07-23
258,688005,容百科技,0.16,8721030988.21,39.571756311,30.6321,109398350.15,259.9516815206,743.0358,10.875691823575,1.39,-0.241343708235,9.3950139426,电池,2026-07-23
259,605228,神通科技,0.2,820167116.15,0.5443211807,-0.7589,92522227.5,43.94,-0.73,4.773734482451,4.33,0.365811773844,25.3565206986,汽车零部件,2026-07-23
260,002458,益生股份,0.2186,1696762876.75,28.4362690386,16.4886,307586693.93,4897.29,97.8978,3.240925116671,6.86,0.321762349132,28.0446409266,养殖业,2026-07-23
261,834687,海唐新媒,0.36,242238298.22,21.3779855461,,15159276.91,8.25,,2.537121269462,14.36,0.550197588141,14.9747479142,,2026-07-22
262,872505,辉腾科技,0.1553,45493468.6,20.784003998,,16535897.68,24.71,,0.820179018085,20.91,0.060003400655,58.7536869413,,2026-07-21
263,833748,奥图股份,0.41,254626832.33,25.6940939489,29.7981,30805252.54,-3.72,-5.8131,4.28386422841,9.97,0.455409395143,28.4781360065,,2026-07-21
264,833179,南京试剂,0.502,438310761.14,66.0520143218,,80327400.94,14.33,,3.646295696875,13.47,0.400312622,30.3582620887,,2026-07-21
265,603162,海通发展,0.39,3470556268.14,92.7753444935,58.352,523456757.05,502.6,48.7955,3.542972098194,11.16,0.52480182726,19.6142461216,航运港口,2026-07-21
266,300503,昊志机电,0.75,1166348469.27,65.8575138341,35.198,232342843.01,266.57,55.508,5.14676971513,15.55,0.167486892419,42.4462536243,通用设备,2026-07-21
267,874916,科迈捷,1.27,33433587.71,23.9014328207,,10142947.41,96.46,,8.60226974375,14.89,1.5647415675,66.9010577746,,2026-07-20
268,832432,科列技术,-0.1997,63069558.61,-41.2888385181,,-20432913.64,-221.21,,3.434567647355,-5.39,0.205913043769,47.5421795726,,2026-07-20
269,400215,商业城5,0.703,38859482.34,-61.1200904588,,301180994.79,781.03,,1.045086291343,101.36,-0.005829608808,46.9060640606,,2026-07-20
270,900921,金煤B股,0.0201,478475005.41,1.0631935262,11.1971,20413758.47,128.0380128553,380.0978,0.077932391411,28.56,0.026388621003,19.2670682936,化学原料,2026-07-18
271,688146,中船特气,0.66,1904281352.97,83.1262578334,71.4894,347897694.46,95.63,143.4777,11.348551080273,5.86,-0.454703989115,31.7923109385,半导体,2026-07-18
272,600844,金煤科技,0.0201,478475005.41,1.0631935262,11.1971,20413758.47,128.0380128553,380.0978,0.077932391411,28.56,0.026388621003,19.2670682936,化学原料,2026-07-18
273,001339,智微智能,1.19,3049593179.64,56.6420641839,34.0337,388460769.92,281.92,155.9367,8.287375355582,15.58,2.950427831278,39.5226032694,计算机设备,2026-07-18
274,875118,维德动力,0.73,113553039.93,28.8132856896,,10226910.73,6.37,,12.179208915188,6.22,0.803478581129,26.3543042691,,2026-07-17
275,872161,风行测控,0.51,92667443.21,387.4093687516,18.2789,33836689.26,287.77,38.7383,2.696368584054,19.2,0.878450958561,68.4071877502,,2026-07-17
276,833183,超凡股份,-0.3,312652208.42,14.8272152348,,-17095906.47,-194.96,,2.816400484326,-9.32,0.298521440257,38.5648924277,,2026-07-17
277,430184,御华堂,-0.02,511835.74,-18.1309287751,,-1016726.64,-52.6238339883,,0.013998556617,-218.52,-0.034007551569,25.5878458194,,2026-07-17
278,002998,优彩资源,0.24,1330056244.06,7.8659235477,17.5271,82586276.03,103.87,57.9522,4.930502398384,4.57,0.117599861956,13.4880068081,化学纤维,2026-07-16
279,002107,沃华医药,0.12,393349512.77,-7.525175606,-20.4256,67566295.15,51.23,-15.6381,1.225052631834,9.44,0.140966994451,77.8448745579,中药Ⅱ,2026-07-16
280,838029,皓月医疗,0.22,12002049.66,45.3279867693,,1102670.1,171.53,,2.38922437,9.68,-0.53921397,28.776364853,,2026-07-15
281,875028,中科盛康,1.83,84252981.66,24.7844363463,,19255545.84,51.72,,13.122146046719,15.02,1.419006443615,54.644430064,,2026-07-14
282,873735,弘森药业,0.19,119796569.21,-14.0290374062,,18562971.75,-39.27,,1.772077917551,11.29,0.287068739694,39.0333595264,,2026-07-09
