序号,代码,名称,最新价,涨跌幅,涨跌额,成交量,成交额,振幅,最高,最低,今开,昨收,量比,换手率,市盈率-动态,市净率,总市值,流通市值,涨速,5分钟涨跌,60日涨跌幅,年初至今涨跌幅
1,920943,优机股份,17.65,21.14,3.08,37339.0,61392897.03,25.19,18.0,14.33,14.51,14.57,12.18,7.21,-56.55,2.84,1791852322.0,914408252.0,1.15,-0.84,-0.17,-32.76
2,920748,路桥信息,27.9,14.58,3.55,24099.0,65624783.7,21.19,29.07,23.91,23.96,24.35,11.65,6.54,-88.29,10.34,2141046000.0,1027725349.0,-0.21,-0.92,-22.67,-40.05
3,920505,九菱科技,32.39,12.43,3.58,22426.0,68048738.36,15.17,32.74,28.37,28.66,28.81,17.09,6.23,129.64,6.29,2098401211.0,1166393893.0,3.48,7.29,-23.32,-25.16
4,920061,西磁科技,19.58,9.57,1.71,18488.0,34060604.22,12.31,19.82,17.62,17.8,17.87,11.65,4.7,273.67,5.03,1386068200.0,770754952.0,5.55,9.08,-29.59,-30.39
5,920136,永励精密,23.0,7.48,1.6,40471.0,93075574.35,14.07,24.44,21.43,22.0,21.4,14.66,19.27,19.77,1.62,1840000000.0,483000000.0,-0.04,-1.46,19.29,19.29
6,920651,天罡股份,24.16,7.38,1.66,6635.0,15777932.74,7.47,24.48,22.8,22.83,22.5,4.08,1.6,33.7,2.9,1473760000.0,1001851732.0,-0.12,-0.33,-9.17,-43.29
7,920078,族兴新材,21.36,6.53,1.31,14495.0,30193514.43,6.23,21.4,20.15,20.4,20.05,6.61,3.72,67.48,2.62,2563200000.0,832779408.0,0.99,0.99,-37.47,210.47
8,920807,奔朗新材,9.97,5.73,0.54,31285.0,30287106.67,7.95,10.08,9.33,9.42,9.43,8.85,2.53,-193.83,1.98,1813343600.0,1231802692.0,1.94,3.64,-16.92,-31.05
9,920238,长鹰硬科,81.43,5.63,4.34,22731.0,182580486.04,10.14,83.83,76.01,77.0,77.09,2.99,11.71,11.61,6.31,7755251268.0,1580307206.0,0.05,-0.33,331.07,331.07
10,920701,豪声电子,14.12,5.53,0.74,10969.0,14848096.14,8.37,14.12,13.0,13.23,13.38,2.69,1.09,176.28,2.42,1937264000.0,1414926229.0,4.21,4.52,-6.49,-21.07
11,920116,星图测控,51.74,5.53,2.71,17655.0,89274839.56,8.36,52.43,48.33,48.33,49.03,6.11,0.79,204.92,19.93,11573461900.0,11573461900.0,-0.23,-0.31,-32.52,-14.15
12,920438,戈碧迦,127.5,5.37,6.5,19828.0,241877490.15,8.72,127.55,117.0,118.0,121.0,3.05,1.42,399.76,19.0,18418777500.0,17772741375.0,1.25,2.84,72.32,218.35
13,920026,卓兆点胶,19.02,5.37,0.97,7511.0,14001323.77,6.2,19.02,17.9,18.08,18.05,7.12,0.87,131.75,3.56,2185552899.0,1647553046.0,1.71,1.71,-24.88,-24.34
14,920033,康普化学,14.68,4.41,0.62,12555.0,18514380.54,4.69,14.98,14.32,14.45,14.06,13.07,1.52,16.81,2.29,1748905470.0,1215977503.0,0.55,0.69,-17.44,-17.67
15,920856,浩淼科技,11.38,4.4,0.48,21536.0,24790653.66,13.58,12.27,10.79,10.79,10.9,6.81,4.06,-82.58,2.38,1082541027.0,603823221.0,0.09,-0.35,-5.95,-31.4
16,920663,明阳科技,12.98,4.17,0.52,7835.0,10235421.66,7.38,13.42,12.5,12.65,12.46,11.42,1.22,19.72,4.53,1733511580.0,831713230.0,0.54,0.62,-22.88,-27.04
17,920174,五新智能,28.96,4.1,1.14,10522.0,30451236.34,6.76,29.54,27.66,27.86,27.82,9.76,1.89,26.72,2.41,6281565643.0,1615783525.0,-0.03,0.1,-30.4,-39.72
18,920961,创远信科,19.27,4.05,0.75,15117.0,28814057.16,6.16,19.38,18.24,18.5,18.52,5.66,1.45,-77.8,3.68,2752536589.0,2003123245.0,-0.16,0.63,-6.09,-31.98
19,920027,交大铁发,11.84,4.04,0.46,8809.0,10332021.14,5.1,11.96,11.38,11.39,11.38,6.72,1.22,53.01,2.7,1219100272.0,853059272.0,0.0,-0.25,-16.91,-27.5
20,920885,星辰科技,12.63,3.87,0.47,10443.0,12940836.44,5.43,12.68,12.02,12.1,12.16,3.84,1.18,912.11,5.37,2157455337.0,1117795365.0,0.56,2.35,-32.85,-46.03
21,920106,林泰新材,38.14,3.59,1.32,4251.0,16117975.05,6.36,38.88,36.54,36.8,36.82,5.43,0.97,23.28,3.77,2158476090.0,1665264027.0,-0.37,0.26,-30.96,-51.17
22,920218,新天力,17.88,3.29,0.57,9397.0,16725513.14,4.97,18.07,17.21,17.27,17.31,4.71,4.46,27.65,1.95,1674841771.0,376842975.0,0.22,-0.22,46.68,46.68
23,920580,科创新材,11.35,3.18,0.35,24129.0,28340855.78,11.0,12.39,11.18,11.18,11.0,9.21,4.41,46.63,2.86,976100000.0,621560890.0,-0.44,-1.13,-21.29,-23.16
24,920575,*ST康乐,5.52,2.99,0.16,75641.0,43077793.45,7.46,5.9,5.5,5.57,5.36,3.69,4.03,-7.64,-21.41,1550788800.0,1036869514.0,0.0,-1.43,18.71,-33.25
25,920871,派特尔,11.21,2.94,0.32,7817.0,8765267.82,5.88,11.45,10.81,10.81,10.89,15.17,1.66,55.26,3.78,951249672.0,527027938.0,0.0,0.09,-14.36,-25.27
26,920262,太湖雪,14.32,2.51,0.35,18588.0,27450083.51,7.59,15.3,14.24,15.0,13.97,10.16,4.82,21.95,3.13,1187658155.0,552129066.0,-1.04,-0.56,-15.72,-29.28
27,920068,天工股份,15.51,2.51,0.38,10091.0,15456396.41,4.49,15.65,14.97,15.08,15.13,7.42,0.58,25547.08,7.96,10168356233.0,2693816180.0,-0.64,1.37,-20.75,-20.05
28,920117,龙鑫智能,36.05,2.5,0.88,53980.0,194300264.69,8.7,37.5,34.44,36.0,35.17,7.87,26.7,37.91,3.11,3238732433.0,728714808.0,-0.06,-0.55,102.19,102.19
29,920175,东方碳素,8.29,2.47,0.2,17903.0,14944904.17,6.67,8.56,8.02,8.09,8.09,9.24,2.26,-17.74,1.52,986510000.0,657196879.0,-0.12,0.24,-21.42,-26.77
30,920081,欧伦电气,41.99,2.44,1.0,9152.0,37938106.92,3.27,41.99,40.65,40.75,40.99,3.83,5.35,12.71,1.91,3048474000.0,718029000.0,0.45,0.45,8.53,8.53
31,920971,天马新材,27.02,2.43,0.64,29532.0,80106279.46,7.05,27.86,26.0,26.17,26.38,6.04,3.45,132.99,6.22,2809215414.0,2315689710.0,0.04,0.22,-16.42,-11.41
32,920019,铜冠矿建,15.03,2.38,0.35,20564.0,31396359.38,3.75,15.56,15.01,15.07,14.68,9.99,1.23,47.29,3.46,3160308501.0,2518061060.0,-0.33,-0.07,-18.84,-27.95
33,920179,凯德石英,54.7,2.34,1.25,14359.0,77586135.34,5.43,55.0,52.1,52.88,53.45,3.42,2.4,210.45,5.45,4072790133.0,3266600528.0,1.09,0.5,-7.48,42.0
34,920077,吉林碳谷,14.5,2.33,0.33,21509.0,31213520.34,3.25,14.65,14.19,14.3,14.17,5.46,0.71,51.61,3.25,8500477869.0,4377716837.0,-0.21,-0.21,-23.28,-14.3
35,920576,天力复合,46.67,2.32,1.06,11574.0,53088551.49,5.7,46.88,44.28,44.56,45.61,3.52,1.07,836.26,11.65,5084696500.0,5034300087.0,0.71,1.66,-37.28,-33.82
36,920942,恒立钻具,17.88,2.29,0.4,6490.0,11549534.17,4.41,18.15,17.38,17.58,17.48,4.84,1.57,55.3,2.21,1093623048.0,740500450.0,-0.06,-0.17,-30.56,-41.51
37,920122,中纺标,23.04,2.13,0.48,8538.0,19861846.89,4.83,23.87,22.78,23.0,22.56,8.46,2.28,511.69,6.4,2125258168.0,861123180.0,-0.04,-0.82,-13.35,-31.06
38,920981,晶赛科技,30.76,2.06,0.62,12304.0,37456470.23,3.72,30.9,29.78,29.98,30.14,4.42,3.2,147.86,4.59,2352155680.0,1183112560.0,1.48,1.42,-24.79,-3.75
39,920038,森合高科,49.29,2.03,0.98,81725.0,413833753.52,5.96,51.88,49.0,50.88,48.31,3.31,23.92,21.07,3.77,5151061357.0,1684046132.0,-1.93,-1.95,69.61,69.61
40,920751,惠同新材,17.47,1.87,0.32,4632.0,8135410.81,3.73,17.85,17.21,17.4,17.15,5.81,0.56,32.4,3.79,1516046600.0,1451182674.0,0.46,0.58,-31.06,-15.69
41,920028,新恒泰,14.39,1.77,0.25,4010.0,5714093.38,3.61,14.44,13.93,14.12,14.14,3.14,0.62,26.77,2.09,2365140400.0,934768644.0,0.42,0.07,-35.33,53.09
42,920160,北矿检测,19.65,1.6,0.31,3097.0,6104240.43,1.29,19.81,19.56,19.56,19.34,9.16,1.22,21.1,4.19,2225952000.0,500839200.0,-0.3,-0.51,-18.16,-23.15
43,920191,瑞尔竞达,9.0,1.58,0.14,7127.0,6409523.51,3.72,9.15,8.82,8.82,8.86,5.68,1.79,18.75,1.57,1596558600.0,359235000.0,-0.22,-0.44,-32.13,16.73
44,920206,彩客科技,35.73,1.56,0.55,4048.0,14460469.85,6.25,36.7,34.5,34.76,35.18,3.06,1.47,17.47,3.07,2556346691.0,983471930.0,-0.22,-0.72,18.0,18.0
45,920090,*ST同辉,3.69,1.37,0.05,10161.0,3726905.19,3.85,3.74,3.6,3.6,3.64,1.76,0.68,-29.78,19.16,735540785.0,549562006.0,0.27,-0.27,-29.98,-41.89
46,920274,宏裕包材,15.49,1.31,0.2,6765.0,10535264.58,3.01,15.81,15.35,15.6,15.29,4.33,0.83,32.52,2.58,1259853344.0,1259853344.0,-0.26,-0.32,-38.68,-45.86
47,920974,凯大催化,6.17,1.31,0.08,7998.0,4950290.13,2.3,6.25,6.11,6.14,6.09,5.74,0.62,19.25,1.55,1010646000.0,792547569.0,-0.32,-0.64,-21.5,-21.8
48,920029,开发科技,34.85,1.25,0.43,3175.0,11029628.66,1.86,35.02,34.38,34.44,34.42,2.01,0.16,33.74,2.03,7211898485.0,7017563559.0,-0.43,-0.03,-22.95,-42.36
49,920753,天纺标,15.5,1.24,0.19,5595.0,8692022.37,3.46,15.72,15.19,15.19,15.31,9.01,1.71,54.44,3.28,1261767704.0,506999575.0,-0.06,-0.19,-17.68,-29.83
50,920706,铁拓机械,14.79,1.23,0.18,5394.0,7927445.27,3.08,14.9,14.45,14.58,14.61,4.01,1.13,50.99,2.26,1399211574.0,705066957.0,0.34,0.0,-35.81,-40.48
51,920112,巴兰仕,16.48,1.23,0.2,776.0,1276739.16,1.54,16.53,16.28,16.4,16.28,1.76,0.22,17.72,2.14,1957659200.0,574323962.0,0.3,0.12,-30.26,-38.74
52,920126,永大股份,10.68,1.23,0.13,13963.0,14931672.74,3.79,10.85,10.45,10.48,10.55,4.5,3.13,13.98,1.75,1987334400.0,477054240.0,0.0,0.28,37.1,37.1
53,920634,新威凌,18.18,1.22,0.22,20540.0,38098963.75,7.63,19.37,18.0,18.21,17.96,9.68,5.07,125.83,4.05,1161861366.0,736794041.0,0.61,0.44,-12.76,-24.66
54,920978,开特股份,20.57,1.13,0.23,3725.0,7638395.43,3.24,20.71,20.05,20.33,20.34,2.17,0.37,28.29,4.76,3703185587.0,2076231880.0,-0.05,-0.29,-21.99,-43.92
55,920476,海能技术,22.73,1.11,0.25,4328.0,9783967.96,3.56,22.87,22.07,22.16,22.48,4.28,0.54,-1697.84,4.4,1936136854.0,1832719514.0,0.0,-0.04,17.77,10.45
56,920088,科力股份,45.87,1.06,0.48,19772.0,90939492.36,2.84,46.58,45.29,45.39,45.39,2.35,6.07,232.26,5.84,4039839705.0,1493812970.0,-0.09,-0.15,6.8,57.63
57,920799,艾融软件,32.05,1.04,0.33,17943.0,57518065.49,5.33,32.76,31.07,31.24,31.72,3.24,1.49,418.3,17.26,6703110070.0,3848240968.0,0.03,-0.31,-12.38,-32.67
58,920720,吉冈精密,9.67,1.04,0.1,6219.0,6025952.81,3.76,9.85,9.49,9.5,9.57,3.94,0.84,63.23,4.93,2561499258.0,715746063.0,0.1,-0.31,-23.44,-30.68
59,920022,世昌股份,19.44,0.99,0.19,749.0,1456370.06,2.18,19.57,19.15,19.23,19.25,3.42,0.45,17.96,2.87,1172640240.0,322995600.0,-0.1,-0.1,-28.42,-33.86
60,920509,同惠电子,20.57,0.98,0.2,6325.0,12935586.28,3.29,20.71,20.04,20.08,20.37,1.93,0.75,71.97,9.88,3297488167.0,1727581982.0,0.29,-0.63,-39.03,-44.84
61,920245,威博液压,13.0,0.93,0.12,3097.0,4053623.53,2.8,13.28,12.92,12.95,12.88,5.2,0.58,26.01,2.6,897951600.0,691526511.0,0.08,-0.31,-28.92,-34.93
62,920118,太湖远大,19.73,0.92,0.18,2918.0,5738797.26,1.69,19.8,19.47,19.47,19.55,2.44,0.93,22.6,1.78,1020258030.0,618320443.0,0.1,0.31,-11.96,-11.17
63,920640,富士达,27.63,0.91,0.25,7933.0,21711038.91,2.67,27.7,26.97,27.03,27.38,2.22,0.44,102.55,5.69,5186924640.0,4990483795.0,0.58,0.0,-26.87,-26.26
64,920177,恒道科技,25.4,0.87,0.22,1123.0,2844896.41,2.74,25.5,24.81,25.1,25.18,2.69,0.61,19.3,2.01,1328928000.0,470624052.0,0.0,-0.2,-29.68,16.51
65,920932,科达自控,12.77,0.87,0.11,13242.0,17025441.74,6.79,13.2,12.34,12.6,12.66,4.58,1.52,-61.64,2.23,1345323970.0,1113461966.0,-1.08,-0.39,-17.51,-40.71
66,920055,隆源股份,27.7,0.87,0.24,1593.0,4401030.22,2.11,27.88,27.3,27.4,27.46,2.93,1.04,13.42,1.59,1883600000.0,423810000.0,0.14,-0.14,-25.24,14.7
67,920220,朗信电气,43.66,0.85,0.37,2735.0,11857936.04,3.28,44.12,42.7,42.75,43.29,2.64,1.32,44.34,2.57,2890565399.0,905326643.0,-0.09,-0.11,54.33,54.33
68,920223,荣亿精密,11.8,0.77,0.09,7749.0,9110876.3,2.39,11.89,11.61,11.71,11.71,3.82,0.95,-114.47,7.78,1855963000.0,963767950.0,-0.08,-0.25,-33.78,-47.3
69,920719,宁新新材,7.96,0.76,0.06,7149.0,5704630.58,3.16,8.1,7.85,7.89,7.9,4.79,0.96,-4.15,6.69,741023464.0,591767590.0,-0.25,-0.25,-32.6,-38.29
70,920079,乔路铭,15.27,0.73,0.11,26352.0,40165535.79,3.5,15.48,14.95,15.12,15.16,2.45,5.86,16.37,2.59,6357059808.0,687150000.0,0.07,0.0,6.34,6.34
71,920065,千岸科技,40.88,0.71,0.29,13760.0,56443890.84,3.42,41.67,40.28,41.59,40.59,1.94,8.74,17.75,3.32,3689420000.0,643860000.0,0.0,-0.66,68.23,68.23
72,920159,农大科技,28.2,0.71,0.2,1353.0,3821396.33,1.64,28.5,28.04,28.2,28.0,1.9,0.94,11.94,2.04,2143200000.0,406080000.0,-0.18,-0.04,-30.7,16.53
73,920833,美心翼申,8.74,0.69,0.06,1497.0,1310980.47,1.73,8.82,8.67,8.67,8.68,1.63,0.17,73.2,1.65,1000764960.0,756489546.0,-0.23,-0.46,-21.61,-24.66
74,920083,金戈新材,34.09,0.68,0.23,5461.0,18480243.51,3.43,34.27,33.11,33.34,33.86,1.78,1.44,54.23,4.77,3043196369.0,1296211638.0,0.26,0.68,253.26,253.26
75,920169,七丰精工,18.94,0.64,0.12,6979.0,13246393.3,4.2,19.3,18.51,18.72,18.82,2.92,1.37,346.03,4.54,1530353705.0,962939639.0,-0.32,-0.37,-36.29,-39.59
76,920152,昆工科技,14.16,0.64,0.09,4007.0,5699623.81,4.05,14.45,13.88,14.14,14.07,3.93,0.49,-14.96,8.77,1559068392.0,1162563371.0,-0.28,-0.56,-27.31,-36.22
77,920564,天润科技,14.74,0.61,0.09,3803.0,5616164.85,1.91,14.88,14.6,14.74,14.65,2.77,0.77,-21.78,5.21,1576064845.0,725043443.0,-0.2,-0.81,-30.44,-22.09
78,920924,广脉科技,15.19,0.6,0.09,11769.0,17906560.33,4.83,15.57,14.84,14.84,15.1,3.72,1.8,102.53,5.08,1629833835.0,993002822.0,0.0,-0.72,-26.55,-27.36
79,920158,长江能科,8.45,0.6,0.05,9430.0,8061958.51,3.57,8.73,8.43,8.57,8.4,4.24,1.77,-150.53,3.31,1686721400.0,451189102.0,-0.12,-0.12,-31.74,-21.25
80,920258,聚仁新材,13.94,0.58,0.08,72235.0,103623834.61,6.78,14.8,13.86,14.22,13.86,2.75,20.07,28.25,5.25,5576000000.0,501840000.0,0.29,-0.85,211.16,211.16
81,920263,中航泰达,7.24,0.56,0.04,3599.0,2588846.85,3.61,7.26,7.0,7.22,7.2,4.32,0.35,-14.0,1.9,1022598567.0,742456150.0,0.84,0.98,-27.31,-41.94
82,920344,三元基因,19.02,0.53,0.1,5011.0,9666063.49,2.64,19.5,19.0,19.2,18.92,6.23,0.44,542.0,3.69,2316826200.0,2163109584.0,-0.42,-0.58,-12.63,-18.89
83,920190,雷神科技,26.13,0.5,0.13,16065.0,41599424.06,4.5,26.44,25.27,25.5,26.0,2.45,1.62,44.56,3.06,2613000026.0,2598446923.0,1.28,1.04,7.27,-6.31
84,920195,三祥科技,12.32,0.49,0.06,2190.0,2705952.45,1.39,12.42,12.25,12.27,12.26,2.97,0.31,21.38,1.47,1207729600.0,871750695.0,0.0,-0.32,-24.37,-43.38
85,920132,泰鹏智能,8.58,0.47,0.04,2585.0,2212565.36,2.22,8.66,8.47,8.58,8.54,2.99,0.71,25.27,3.51,923818896.0,313686456.0,0.35,0.0,-19.96,-30.86
86,920407,驰诚股份,10.71,0.47,0.05,2960.0,3186616.16,2.35,10.85,10.6,10.61,10.66,3.63,0.66,336.32,4.48,1188801432.0,483975946.0,-0.37,-0.46,-23.39,-44.28
87,920275,驱动力,6.59,0.46,0.03,1423.0,939578.68,3.51,6.69,6.46,6.55,6.56,1.76,0.11,693.51,4.57,1050298384.0,869316693.0,-0.6,-0.45,-7.96,-24.17
88,920592,华信永道,22.29,0.45,0.1,7405.0,16558419.19,3.42,22.74,21.98,22.05,22.19,2.53,1.47,-62.22,5.42,1800920550.0,1120868498.0,-0.58,-0.8,-34.17,-43.38
89,920415,恒拓开源,9.44,0.43,0.04,10220.0,9676868.27,4.68,9.6,9.16,9.37,9.4,2.69,0.94,249.35,2.4,1326428437.0,1021703878.0,0.0,-0.63,-25.61,-32.86
90,920119,美德乐,48.25,0.42,0.2,577.0,2788278.9,2.06,48.63,47.64,48.0,48.05,1.29,0.22,17.07,2.53,4871926647.0,1281880572.0,-0.17,-0.47,-29.57,63.23
91,920188,悦龙科技,22.05,0.41,0.09,1001.0,2202465.96,1.28,22.09,21.81,21.81,21.96,1.8,0.51,14.26,2.36,1830000016.0,436455032.0,0.27,0.23,-23.68,62.85
92,920101,志高机械,17.2,0.41,0.07,622.0,1067572.7,1.34,17.23,17.0,17.13,17.13,1.09,0.16,23.86,2.03,2146688020.0,669870409.0,-0.06,0.0,-31.47,-39.35
93,920111,聚星科技,27.14,0.41,0.11,5669.0,15437318.24,3.07,27.7,26.87,27.03,27.03,2.72,0.75,11.49,4.17,4210893130.0,2043319713.0,0.44,0.15,-22.79,16.83
94,920802,保丽洁,10.6,0.38,0.04,2889.0,3076543.02,2.18,10.74,10.51,10.56,10.56,4.81,0.8,46.13,1.99,869287874.0,383907005.0,-0.75,-0.19,-28.52,-30.67
95,920879,基康技术,13.21,0.38,0.05,2583.0,3412777.75,2.51,13.36,13.03,13.03,13.16,2.04,0.17,40.92,4.25,2653477033.0,1985604598.0,-0.08,-0.3,-28.71,-25.41
96,920080,奥美森,21.56,0.37,0.08,534.0,1155194.53,0.84,21.73,21.55,21.63,21.48,1.98,0.23,20.22,3.3,1789480000.0,495356114.0,0.05,-0.78,-14.21,-20.38
97,920050,爱伦医疗,27.82,0.36,0.1,882.0,2471833.9,1.88,28.28,27.76,27.99,27.72,2.36,0.49,15.02,1.8,1882839072.0,503615751.0,-1.0,-1.0,-15.16,85.71
98,920098,科隆新材,17.29,0.35,0.06,980.0,1691352.84,1.28,17.35,17.13,17.19,17.23,1.62,0.18,42.75,1.52,1406029180.0,957445231.0,-0.06,-0.06,-30.98,-43.48
99,920180,爱得科技,11.88,0.34,0.04,741.0,883664.81,0.84,11.97,11.87,11.89,11.84,1.33,0.21,28.94,1.85,1403301786.0,423753351.0,-0.08,0.08,-23.85,61.19
100,920703,广厦环能,9.53,0.32,0.03,367.0,351179.4,1.58,9.59,9.44,9.57,9.5,0.58,0.07,165.67,1.27,1436399720.0,507144163.0,-0.1,-0.21,-19.85,-33.87
101,920541,铁大科技,9.75,0.31,0.03,2161.0,2114385.88,1.44,9.86,9.72,9.72,9.72,2.63,0.24,17.64,2.9,1332825000.0,878072169.0,-0.31,-0.1,-21.18,-25.06
102,920725,惠丰钻石,77.0,0.31,0.24,16468.0,124735142.31,5.99,77.61,73.01,74.0,76.76,2.85,3.73,983.01,11.69,7028175000.0,3401912745.0,1.46,0.44,120.5,128.42
103,920156,海昌智能,41.37,0.29,0.12,3692.0,15111606.63,3.1,41.6,40.32,40.8,41.25,2.53,1.7,12.36,3.58,4307444400.0,898059960.0,0.29,0.05,-41.16,97.66
104,920627,力王股份,14.48,0.28,0.04,4928.0,7164779.15,2.63,14.68,14.3,14.6,14.44,3.45,1.05,34.99,2.92,1367636000.0,677917400.0,0.21,-0.21,-29.91,-31.83
105,920873,中设咨询,7.54,0.27,0.02,4414.0,3328254.94,3.99,7.66,7.36,7.46,7.52,1.83,0.37,-29.36,4.66,1156537995.0,903340218.0,0.27,-0.26,-21.78,-2.58
106,920526,凯华材料,20.28,0.25,0.05,17474.0,35999414.19,5.44,21.12,20.02,20.23,20.23,8.02,3.34,91.88,7.45,1677156000.0,1062012616.0,0.2,-0.93,-18.52,-13.41
107,920037,广信科技,40.7,0.25,0.1,2173.0,8847291.14,1.65,40.97,40.3,40.58,40.6,1.44,0.28,22.77,6.15,5211556490.0,3186318751.0,0.22,-0.05,-29.46,-31.63
108,920405,海希通讯,17.09,0.23,0.04,843.0,1438963.22,1.88,17.31,16.99,17.31,17.05,1.12,0.08,630.83,2.79,2332277136.0,1816505312.0,-0.06,-0.06,-0.93,-33.19
109,920964,润农节水,4.48,0.22,0.01,2823.0,1269037.9,1.79,4.53,4.45,4.48,4.47,1.63,0.19,98.34,1.34,1170211840.0,661683622.0,-0.22,-0.67,-25.58,-33.03
110,920227,美登科技,51.77,0.21,0.11,2705.0,14039697.57,3.68,52.67,50.77,51.4,51.66,2.51,1.53,43.43,5.18,2016001455.0,917272094.0,0.45,-0.79,-18.32,-12.11
111,920185,贝特瑞,21.44,0.19,0.04,9383.0,20098391.35,1.59,21.57,21.23,21.38,21.4,1.73,0.08,37.93,1.94,24402802133.0,24001216332.0,0.28,0.0,-27.74,-33.13
112,920523,德瑞锂电,15.75,0.19,0.03,3343.0,5262139.98,1.91,15.89,15.59,15.72,15.72,2.7,0.41,15.71,2.26,1595496562.0,1276372314.0,-0.25,-0.32,-31.76,-38.72
113,920471,美邦科技,11.29,0.18,0.02,2423.0,2734393.1,1.95,11.38,11.16,11.2,11.27,1.93,0.46,42.7,1.86,939328000.0,598715553.0,0.0,-0.44,-18.78,-10.33
114,920076,国亮新材,12.74,0.16,0.02,1580.0,2016360.92,0.79,12.79,12.69,12.73,12.72,2.23,0.43,16.37,1.53,1491704776.0,469238852.0,-0.31,0.08,-18.75,70.55
115,920694,中裕科技,14.06,0.14,0.02,704.0,998252.82,1.57,14.25,14.03,14.03,14.04,0.85,0.11,13.81,2.1,1849023317.0,878282969.0,0.0,-0.35,-22.32,-26.96
116,920091,大鹏工业,31.48,0.13,0.04,2300.0,7231593.92,3.15,31.79,30.8,31.42,31.44,3.24,1.59,-102.07,4.28,1934924496.0,456466296.0,-0.13,-0.44,-41.77,-60.49
117,920679,前进科技,15.37,0.13,0.02,257.0,396913.16,1.11,15.49,15.32,15.46,15.35,1.15,0.07,52.05,1.74,858414500.0,571379750.0,-0.13,-0.19,-16.1,-21.86
118,920060,万源通,22.44,0.13,0.03,5844.0,13088395.49,2.72,22.67,22.06,22.12,22.41,2.65,0.62,46.24,3.13,3411882238.0,2127856664.0,-0.27,-0.22,-34.54,-30.7
119,920271,邦德股份,9.5,0.11,0.01,2161.0,2062283.36,1.69,9.58,9.42,9.42,9.49,2.61,0.37,19.09,1.99,1242818500.0,549959095.0,-0.52,-0.52,-24.9,-41.25
120,920204,沪江材料,12.72,0.08,0.01,1116.0,1426501.4,1.26,12.83,12.67,12.71,12.71,1.3,0.22,33.81,2.43,1199340778.0,635882251.0,-0.24,-0.39,-24.33,-28.01
121,920392,佳合科技,13.78,0.07,0.01,921.0,1272027.99,1.23,13.87,13.7,13.79,13.77,1.73,0.26,95.47,3.09,1056580122.0,496629822.0,-0.07,-0.22,-31.37,-60.62
122,920168,通宝光电,15.98,0.06,0.01,700.0,1120558.97,1.31,16.07,15.86,15.97,15.97,2.01,0.25,47.49,1.54,1201270932.0,450228734.0,-0.13,-0.13,-24.73,1.98
123,920403,康农种业,18.79,0.05,0.01,4534.0,8645032.26,3.99,19.4,18.65,19.0,18.78,2.35,0.7,68.53,3.78,2053694163.0,1221405205.0,-0.16,-0.48,-9.88,-8.52
124,920121,江天科技,27.9,0.04,0.01,571.0,1600175.34,1.36,28.18,27.8,27.84,27.89,2.58,0.48,15.41,2.37,1843302306.0,332715145.0,0.0,-0.64,-25.99,-38.79
125,920198,微创光电,8.02,0.0,0.0,14482.0,11551702.46,6.61,8.17,7.64,7.7,8.02,3.25,2.06,-15.61,3.16,1294138253.0,565137344.0,0.38,0.25,-10.39,-19.96
126,920832,齐鲁华信,6.17,0.0,0.0,1358.0,837405.44,1.46,6.2,6.11,6.19,6.17,2.07,0.11,-36.75,1.19,856173047.0,764250585.0,0.0,0.0,-6.8,-14.07
127,920008,成电光信,20.19,0.0,0.0,2680.0,5427613.73,2.53,20.52,20.01,20.5,20.19,1.37,0.79,-7776.9,4.02,1287112500.0,687846912.0,0.2,0.2,-24.44,-32.66
128,920087,秋乐种业,9.92,0.0,0.0,20299.0,20353049.52,3.02,10.15,9.85,9.92,9.92,3.53,1.24,-51.52,3.1,1638784000.0,1627337560.0,0.1,-0.3,-28.12,-37.53
129,920608,丰安股份,13.57,0.0,0.0,551.0,750512.29,2.36,13.76,13.44,13.57,13.57,1.59,0.11,19.86,1.79,844596800.0,654330310.0,-0.15,-0.29,-17.21,-26.29
130,920834,三维装备,8.34,0.0,0.0,1754.0,1468706.62,1.44,8.42,8.3,8.35,8.34,2.51,0.28,35.92,3.39,1000800042.0,523722301.0,-0.24,-0.6,-31.58,-45.13
131,920221,易实精密,13.26,0.0,0.0,1783.0,2363661.84,2.34,13.35,13.04,13.07,13.26,1.04,0.29,25.74,3.74,1573299000.0,819002680.0,-0.08,-0.6,-14.06,-22.59
132,920378,泰德股份,7.15,0.0,0.0,1293.0,924385.05,1.12,7.19,7.11,7.16,7.15,1.34,0.12,150.16,2.9,1112010900.0,796383188.0,0.0,0.0,-18.1,-27.48
133,920099,瑞华技术,19.65,0.0,0.0,2335.0,4563443.98,2.44,19.82,19.34,19.47,19.65,1.97,0.4,-38.25,2.06,1848671941.0,1143222380.0,0.72,0.36,-19.76,-27.86
134,920124,南特科技,12.81,0.0,0.0,2152.0,2750135.44,1.17,12.84,12.69,12.81,12.81,1.41,0.28,19.38,1.8,1905273765.0,981007849.0,0.16,0.0,-21.02,-29.07
135,920003,中诚咨询,16.8,-0.06,-0.01,199.0,334234.17,1.19,16.92,16.72,16.8,16.81,0.56,0.1,9.06,2.58,1522080000.0,327035856.0,-0.06,-0.18,-24.29,-26.12
136,920247,华密新材,14.87,-0.07,-0.01,7162.0,10689358.32,3.29,15.15,14.66,14.88,14.88,3.84,0.52,59.25,5.93,2811218095.0,2039322581.0,-0.4,-0.47,-29.12,-34.23
137,920237,力佳科技,13.03,-0.08,-0.01,2042.0,2684159.32,2.53,13.28,12.95,13.06,13.04,1.8,0.22,44.26,2.38,1238268002.0,1214832479.0,-0.23,-0.53,-28.21,-38.36
138,920110,雷特科技,25.93,-0.08,-0.02,162.0,422342.67,1.89,26.3,25.81,26.3,25.95,0.63,0.1,45.46,2.84,1011270000.0,421077270.0,-0.23,-0.38,-19.07,-26.44
139,920926,鸿智科技,10.81,-0.09,-0.01,3125.0,3377659.38,2.4,10.92,10.66,10.74,10.82,2.78,0.39,539.27,3.76,955190377.0,866771517.0,-0.46,-0.37,-24.41,-36.0
140,920870,恒进感应,11.36,-0.09,-0.01,2576.0,2950921.8,1.93,11.53,11.31,11.5,11.37,2.6,0.39,61.91,3.42,1522240000.0,749792944.0,0.18,-0.79,-25.95,-34.86
141,920436,大地电气,10.62,-0.09,-0.01,2317.0,2470581.24,2.54,10.75,10.48,10.54,10.63,2.18,0.26,119.76,2.58,1010786537.0,949257453.0,-0.93,-0.93,-29.72,-38.75
142,920454,同心传动,11.1,-0.09,-0.01,1449.0,1611010.6,1.98,11.25,11.03,11.03,11.11,1.5,0.29,41.17,3.58,1166610000.0,546458550.0,-0.36,-0.18,-24.64,-32.52
143,920837,华原股份,9.73,-0.1,-0.01,1863.0,1815018.34,1.23,9.8,9.68,9.7,9.74,1.69,0.14,16.76,2.65,1486030665.0,1330945168.0,0.1,0.0,-27.87,-32.05
144,920149,旭杰科技,7.95,-0.13,-0.01,1667.0,1328068.93,1.26,8.01,7.91,7.96,7.96,2.32,0.26,52.71,4.98,608041281.0,502972674.0,-0.38,-0.13,-22.89,-31.29
145,920579,机科股份,14.87,-0.13,-0.02,2644.0,3940001.56,2.08,15.02,14.71,14.8,14.89,2.69,0.59,-36.7,4.12,1925367600.0,662821625.0,0.0,-0.07,-19.75,-43.05
146,920020,泰凯英,15.87,-0.13,-0.02,1118.0,1779602.59,1.38,16.0,15.78,15.89,15.89,1.52,0.2,21.78,3.13,3569877150.0,882386299.0,-0.06,-0.13,-0.44,-6.32
147,920395,朗鸿科技,7.21,-0.14,-0.01,2346.0,1701197.46,1.8,7.33,7.2,7.21,7.22,2.51,0.22,27.71,5.0,1100142926.0,757684653.0,-0.41,-0.41,-26.2,-35.8
148,920593,鼎智科技,25.87,-0.15,-0.04,7839.0,20362965.47,2.82,26.27,25.54,25.6,25.91,2.5,0.48,174.13,6.86,4921660709.0,4194944831.0,0.27,-0.27,-13.13,-29.01
149,920016,中草香料,12.73,-0.16,-0.02,1398.0,1779629.73,1.33,12.84,12.67,12.75,12.75,1.31,0.41,38.97,2.55,979979956.0,435839785.0,-0.08,-0.08,-24.72,-33.94
150,920790,联迪信息,24.86,-0.16,-0.04,17954.0,45222750.78,8.03,26.2,24.2,24.2,24.9,3.24,3.3,-298.67,6.5,1963120117.0,1351264256.0,0.0,0.2,-1.62,-24.44
151,920171,志晟信息,17.55,-0.17,-0.03,8414.0,14706908.22,5.12,17.8,16.9,16.9,17.58,3.06,1.24,804.97,8.05,1759093274.0,1186941249.0,0.69,0.0,-22.52,-25.0
152,920009,丹娜生物,36.02,-0.19,-0.07,466.0,1681807.33,1.77,36.45,35.81,35.96,36.09,1.56,0.46,38.11,4.18,2793206920.0,363081600.0,-0.22,-0.22,-24.28,-33.11
153,920146,华阳变速,5.04,-0.2,-0.01,3957.0,1999358.01,1.98,5.1,5.0,5.05,5.05,2.49,0.36,-13.55,3.71,680351833.0,547309436.0,0.2,0.0,-27.48,-41.6
154,920057,百甲科技,4.91,-0.2,-0.01,1866.0,920480.5,1.83,4.97,4.88,4.93,4.92,1.49,0.16,122.31,1.24,890002788.0,572173814.0,0.2,-0.2,-21.19,-24.11
155,920689,克莱特,20.42,-0.2,-0.04,2972.0,6092417.38,2.05,20.62,20.2,20.52,20.46,2.57,0.78,29.73,3.2,1498828000.0,774543199.0,-0.39,-0.24,-29.83,-32.52
156,920510,丰光精密,23.49,-0.21,-0.05,28041.0,65557811.99,5.56,23.93,22.62,22.99,23.54,2.12,2.98,-1102.33,11.07,4322280480.0,2207888006.0,0.38,-0.04,38.5,11.8
157,920418,苏轴股份,19.33,-0.21,-0.04,3993.0,7719280.31,1.81,19.48,19.13,19.35,19.37,1.86,0.25,26.18,3.51,3140923968.0,3033235610.0,0.0,-0.41,-23.99,-34.83
158,920931,无锡鼎邦,9.71,-0.21,-0.02,1074.0,1050905.08,2.67,9.89,9.63,9.73,9.73,2.96,0.37,83.21,2.34,912060300.0,279413018.0,-0.51,0.0,-18.61,-31.81
159,920946,森萱医药,9.25,-0.22,-0.02,2760.0,2557898.99,0.97,9.31,9.22,9.27,9.27,1.28,0.06,20.98,3.17,3948994645.0,3947780583.0,0.11,0.11,-10.28,-10.97
160,920108,宏海科技,9.08,-0.22,-0.02,1490.0,1354175.08,1.32,9.16,9.04,9.1,9.1,1.94,0.2,41.04,3.27,1563576000.0,662546262.0,-0.11,-0.22,-22.92,-32.44
161,920304,迪尔化工,8.68,-0.23,-0.02,2212.0,1923925.08,1.26,8.75,8.64,8.7,8.7,2.08,0.16,40.48,2.85,1471589840.0,1184420998.0,0.0,-0.57,-23.59,-35.7
162,920096,嘉晨智能,36.11,-0.25,-0.09,3680.0,13318219.56,2.98,36.59,35.51,35.86,36.2,2.46,2.27,34.98,3.78,2491590000.0,584982000.0,-0.41,-0.69,150.24,150.24
163,920475,三友科技,11.8,-0.25,-0.03,6095.0,7188576.43,6.0,12.19,11.48,11.52,11.83,6.43,1.08,85.8,3.38,1192508000.0,663141427.0,-0.51,-0.59,-20.75,-31.4
164,920184,国源科技,11.91,-0.25,-0.03,7108.0,8563199.31,3.27,12.15,11.76,11.81,11.94,2.51,0.8,248.47,2.54,1568873548.0,1064371117.0,-0.75,-0.75,-24.86,-31.63
165,920089,禾昌聚合,10.43,-0.29,-0.03,2189.0,2282525.88,1.24,10.51,10.38,10.46,10.46,1.88,0.2,15.99,1.59,2042907412.0,1163589324.0,-0.1,-0.48,-21.58,-31.25
166,920056,能之光,16.61,-0.3,-0.05,1211.0,2020040.91,1.14,16.79,16.6,16.62,16.66,2.07,0.39,22.9,2.52,1356899137.0,512316863.0,-0.12,-0.36,-27.24,-32.53
167,920729,永顺生物,6.58,-0.3,-0.02,748.0,494228.46,1.06,6.63,6.56,6.61,6.6,1.12,0.1,88.45,2.78,1798314000.0,509996330.0,0.3,-0.3,-16.18,-23.04
168,920950,迅安科技,12.74,-0.31,-0.04,367.0,469605.5,1.56,12.88,12.68,12.75,12.78,1.43,0.1,23.5,3.09,934096800.0,455074074.0,-0.86,-1.01,-19.67,-27.98
169,920808,曙光数创,60.61,-0.31,-0.19,4242.0,25593715.7,2.09,60.98,59.71,60.0,60.8,1.67,0.22,-63.67,17.21,12122000061.0,11804483726.0,0.53,0.18,-30.69,-14.6
170,920718,合肥高科,9.78,-0.31,-0.03,1243.0,1215939.8,1.53,9.85,9.7,9.85,9.81,0.98,0.27,165.28,1.54,886720326.0,454868475.0,0.0,-0.41,-23.29,-34.93
171,920641,格利尔,12.9,-0.31,-0.04,2236.0,2897106.87,1.78,13.08,12.85,12.91,12.94,1.71,0.49,375.33,2.84,968467500.0,584619138.0,0.08,-0.31,-28.73,-29.28
172,920270,天铭科技,12.32,-0.32,-0.04,2210.0,2727205.64,2.27,12.46,12.18,12.25,12.36,1.62,0.27,53.86,3.16,1288869120.0,1001395065.0,-0.16,-0.81,-33.98,-51.89
173,920278,鹿得医疗,6.23,-0.32,-0.02,2835.0,1771077.33,1.12,6.29,6.22,6.25,6.25,1.52,0.29,399.4,2.82,1087135000.0,614560219.0,0.0,-0.16,-22.61,-30.08
174,920425,乐创技术,14.83,-0.34,-0.05,5115.0,7616756.69,2.42,15.03,14.67,14.78,14.88,2.52,0.62,17.62,5.31,1493546607.0,1229386490.0,-0.07,-0.07,-23.67,0.95
175,920599,同力股份,17.09,-0.35,-0.06,5947.0,10213836.41,1.57,17.3,17.03,17.17,17.15,1.84,0.17,10.46,2.26,7904552250.0,5991315573.0,-0.06,0.0,-5.79,-14.68
176,920504,博迅生物,16.99,-0.35,-0.06,1347.0,2302252.41,1.47,17.17,16.92,17.09,17.05,4.28,0.79,123.06,3.7,736229369.0,290391466.0,-0.29,-0.29,-21.89,-29.3
177,920123,芭薇股份,10.76,-0.37,-0.04,2981.0,3227322.29,2.04,10.93,10.71,10.84,10.8,1.02,0.46,30.02,2.97,1200170400.0,699237481.0,0.19,-0.28,-15.74,-27.4
178,920726,朱老六,16.17,-0.37,-0.06,7075.0,11412523.51,2.03,16.33,16.0,16.25,16.23,1.6,1.27,21.5,3.6,1638182700.0,904120567.0,0.37,0.56,-11.3,-19.95
179,920478,峆一药业,10.43,-0.38,-0.04,14364.0,15227777.77,5.73,10.95,10.35,10.68,10.47,4.35,2.14,89.19,2.26,1149304437.0,698853712.0,-0.19,-0.29,-7.29,-20.68
180,920167,同享科技,15.45,-0.39,-0.06,2690.0,4160573.37,1.03,15.53,15.37,15.49,15.51,1.65,0.41,11.63,2.57,1699909425.0,1009870895.0,-0.06,-0.06,-24.26,-9.54
181,920145,恒合股份,10.08,-0.4,-0.04,1900.0,1922413.97,2.17,10.21,9.99,10.13,10.12,2.93,0.39,-50.91,2.76,711144000.0,492229080.0,-0.3,-0.3,-29.66,-60.16
182,920012,创达新材,47.5,-0.4,-0.19,2777.0,13064536.29,2.26,47.5,46.42,47.01,47.69,2.76,1.44,36.53,2.83,2342575550.0,916631725.0,0.47,0.89,-36.58,142.59
183,920491,奥迪威,23.42,-0.43,-0.1,5489.0,12891244.01,2.38,23.68,23.12,23.28,23.52,1.95,0.47,62.64,3.17,3305573276.0,2712573395.0,-0.34,-0.38,-9.15,-20.91
184,920768,拾比佰,6.96,-0.43,-0.03,2402.0,1673966.71,1.14,6.99,6.91,6.94,6.99,0.88,0.22,17.29,1.53,1081291680.0,747431038.0,0.29,0.14,-22.32,-18.12
185,920128,胜业电气,18.35,-0.43,-0.08,4969.0,9174630.17,2.82,18.63,18.11,18.2,18.43,4.05,2.04,211.64,2.95,1489836500.0,445905000.0,-0.27,-0.6,-26.31,-33.99
186,920371,欧福蛋业,7.02,-0.43,-0.03,3931.0,2768030.57,0.71,7.07,7.02,7.05,7.05,2.12,0.2,21.2,2.35,1442227663.0,1367563420.0,0.0,-0.57,-21.74,-31.58
187,920839,万通液压,24.91,-0.44,-0.11,1566.0,3917038.89,2.08,25.24,24.72,24.97,25.02,2.27,0.24,28.38,4.8,2944610378.0,1624196666.0,-0.24,-0.56,-23.12,-40.22
188,920429,康比特,9.06,-0.44,-0.04,2058.0,1871974.99,1.54,9.15,9.01,9.08,9.1,1.23,0.18,-35.46,1.37,1127752560.0,1028313542.0,0.11,-0.11,-25.62,-40.2
189,920261,一诺威,13.35,-0.45,-0.06,2041.0,2742486.79,1.86,13.56,13.31,13.31,13.41,1.88,0.13,16.01,2.52,3886622186.0,2139286730.0,-0.07,-0.07,-10.88,-8.75
190,920166,海圣医疗,19.81,-0.45,-0.09,948.0,1891388.08,2.21,20.2,19.76,19.9,19.9,3.16,0.4,30.81,2.39,1491576478.0,470778846.0,-0.35,-0.65,-30.07,56.72
191,920553,凯腾精工,6.6,-0.45,-0.03,1514.0,1000516.72,1.06,6.65,6.58,6.65,6.63,1.57,0.16,100.7,2.71,948357036.0,619102341.0,0.15,-0.15,-26.09,-33.2
192,920427,华维设计,8.69,-0.46,-0.04,2746.0,2388708.48,1.03,8.75,8.66,8.7,8.73,1.76,0.54,117.19,2.85,895895550.0,442390642.0,-0.11,-0.11,-32.9,-29.52
193,920642,通易航天,10.52,-0.47,-0.05,6251.0,6635367.09,2.37,10.71,10.46,10.57,10.57,2.09,0.63,39.4,4.78,1090611325.0,1051546357.0,-0.66,-0.57,-20.3,-37.57
194,920906,舜宇精工,16.98,-0.47,-0.08,2617.0,4478657.18,3.05,17.29,16.77,17.0,17.06,2.99,0.78,640.1,1.94,1103190600.0,566380177.0,-0.64,-0.76,-28.86,-41.67
195,920765,美之高,12.23,-0.49,-0.06,4291.0,5296033.63,1.63,12.43,12.23,12.38,12.29,2.17,0.81,51.03,3.54,1063032542.0,645830882.0,-0.57,-0.89,-23.37,-40.72
196,920039,国义招标,7.95,-0.5,-0.04,1371.0,1094633.99,1.25,8.04,7.94,7.98,7.99,0.95,0.09,39.65,2.31,1222869000.0,1222868205.0,0.13,-0.5,-16.05,-28.64
197,920207,众诚科技,23.66,-0.5,-0.12,11564.0,27323623.74,4.16,24.0,23.01,23.01,23.78,2.66,2.05,-167.77,7.77,2181333700.0,1332400313.0,0.34,-0.42,-20.07,6.34
198,920970,大禹生物,5.99,-0.5,-0.03,3969.0,2393582.18,1.5,6.07,5.98,6.0,6.02,1.53,0.57,-9.53,2.7,663696792.0,419727087.0,-0.17,-0.33,-15.16,-22.11
199,920547,无锡晶海,18.01,-0.5,-0.09,2171.0,3922164.83,1.66,18.27,17.97,18.1,18.1,4.24,0.57,17.69,1.96,1399160880.0,680145849.0,0.0,0.0,-19.71,-23.2
200,920876,慧为智能,16.75,-0.53,-0.09,3143.0,5290049.74,2.08,16.97,16.62,16.84,16.84,1.72,0.8,-103.96,4.29,1075026038.0,657408171.0,0.06,-0.18,-28.27,-33.72
201,920023,*ST田野,1.85,-0.54,-0.01,12026.0,2237987.36,1.61,1.88,1.85,1.86,1.86,1.09,0.45,231.44,0.5,605512400.0,497295781.0,0.0,-0.54,-32.97,-60.81
202,920045,蘅东光,322.0,-0.56,-1.81,4821.0,154787303.29,5.56,329.0,311.0,315.0,323.81,1.86,1.71,91.23,27.4,30686653774.0,9073492778.0,0.56,-0.01,-24.49,46.14
203,920069,普昂医疗,33.81,-0.56,-0.19,658.0,2232180.71,2.0,34.33,33.65,33.82,34.0,1.47,0.45,18.9,2.34,1789219385.0,498915270.0,-0.27,-0.27,-20.58,89.2
204,920010,凯添燃气,8.61,-0.58,-0.05,12900.0,11106939.13,1.5,8.65,8.52,8.59,8.66,1.55,0.74,53.64,2.93,2019045000.0,1500067374.0,0.12,-0.23,-38.46,-21.37
205,920066,科拜尔,16.85,-0.59,-0.1,954.0,1613399.3,1.77,17.03,16.73,16.86,16.95,2.23,0.48,45.7,2.64,1059078543.0,334865543.0,-0.71,-0.3,-23.51,-31.48
206,920809,安达科技,8.25,-0.6,-0.05,31398.0,26129356.23,2.65,8.43,8.21,8.3,8.3,2.94,0.68,18.98,3.03,4942162500.0,3795302346.0,0.0,-0.48,-20.06,17.52
207,920414,欧普泰,8.14,-0.61,-0.05,2737.0,2240329.84,1.47,8.25,8.13,8.2,8.19,1.39,0.49,-18.11,2.42,649150112.0,456471558.0,-0.73,-0.25,-32.84,-27.64
208,920300,辰光医疗,9.67,-0.62,-0.06,4724.0,4595893.06,2.26,9.83,9.61,9.7,9.73,2.55,0.71,-28.52,5.18,830141708.0,643361114.0,-0.31,-0.51,-18.94,-37.09
209,920005,鼎佳精密,25.22,-0.63,-0.16,512.0,1292610.82,1.97,25.5,25.0,25.3,25.38,1.15,0.24,40.26,3.38,2093260000.0,542230000.0,-0.24,-0.94,-28.45,-37.64
210,920914,远航精密,18.7,-0.64,-0.12,3952.0,7420877.38,1.86,18.95,18.6,18.93,18.82,1.87,0.4,25.58,1.91,1864072100.0,1862599475.0,0.0,0.16,-25.56,-28.76
211,920086,科马材料,21.41,-0.65,-0.14,1184.0,2545779.35,1.35,21.64,21.35,21.4,21.55,1.24,0.43,18.37,2.14,1791588800.0,586036661.0,-0.46,-0.37,-34.35,91.85
212,920855,浙江大农,12.3,-0.65,-0.08,383.0,474332.94,1.78,12.5,12.28,12.5,12.38,1.46,0.06,35.98,1.61,919219996.0,824554005.0,-0.89,-0.89,-20.7,-31.02
213,920017,星昊医药,16.88,-0.65,-0.11,4517.0,7656264.53,1.18,17.06,16.86,16.99,16.99,2.61,0.37,16.45,1.3,2091305687.0,2068980199.0,-0.12,-0.24,-2.82,-4.15
214,920030,德众汽车,4.44,-0.67,-0.03,3536.0,1580334.61,1.12,4.49,4.44,4.49,4.47,1.89,0.31,107.2,1.82,794048184.0,499384742.0,-0.45,-0.22,-22.92,-35.18
215,920014,特瑞斯,8.85,-0.67,-0.06,5683.0,5067419.5,1.46,8.98,8.85,8.91,8.91,2.17,0.85,69.06,1.39,1078432176.0,593368587.0,-0.34,-0.78,-26.56,-22.84
216,920455,汇隆活塞,5.83,-0.68,-0.04,1150.0,673567.0,1.36,5.9,5.82,5.87,5.87,1.58,0.12,31.59,3.15,1034533500.0,567325707.0,-0.34,-0.17,-25.73,-29.42
217,920866,绿亨科技,5.82,-0.68,-0.04,6083.0,3554246.84,1.19,5.88,5.81,5.85,5.86,3.22,0.53,34.09,1.38,1048798338.0,664133580.0,-0.17,-0.34,-22.61,-27.79
218,920665,科强股份,8.73,-0.68,-0.06,6515.0,5689162.48,2.5,8.84,8.62,8.73,8.79,4.9,1.02,29.9,1.58,1134812700.0,560301082.0,-0.23,-0.46,-22.81,-37.6
219,920519,万德股份,10.02,-0.69,-0.07,1441.0,1446204.42,1.29,10.08,9.95,10.01,10.09,1.4,0.18,20.22,1.73,894366202.0,795260236.0,0.3,0.2,-17.67,-15.66
220,920072,科莱瑞迪,27.86,-0.71,-0.2,8307.0,23527658.03,3.6,28.85,27.84,28.5,28.06,3.86,5.74,36.28,2.97,2134076000.0,402994900.0,-0.68,-0.92,78.36,78.36
221,920819,颖泰生物,2.74,-0.72,-0.02,10559.0,2900858.86,1.45,2.77,2.73,2.76,2.76,1.88,0.09,-42.52,0.71,3358692000.0,3319852500.0,-0.36,-0.36,-20.81,-29.2
222,920422,润普食品,9.5,-0.73,-0.07,2143.0,2043509.89,1.25,9.6,9.48,9.57,9.57,0.85,0.32,28.97,1.97,840585745.0,629115745.0,0.11,0.0,-15.93,-25.67
223,920578,巨能股份,17.3,-0.75,-0.13,5246.0,9097611.6,4.19,17.73,17.0,17.23,17.43,2.83,1.48,-312.23,5.0,1323088378.0,614167629.0,-0.75,-0.86,-12.27,-33.59
224,920351,华光源海,11.67,-0.77,-0.09,4227.0,4937865.04,1.96,11.82,11.59,11.66,11.76,3.1,1.06,36.55,2.36,1027373573.0,464936768.0,-0.68,-0.51,-33.05,-49.55
225,920895,花溪科技,12.65,-0.78,-0.1,914.0,1163272.52,1.73,12.85,12.63,12.75,12.75,0.58,0.32,-75.57,3.73,715028600.0,363521785.0,-0.39,-0.39,-22.87,-38.17
226,920187,通领科技,20.07,-0.79,-0.16,1280.0,2573964.16,0.94,20.23,20.04,20.11,20.23,1.3,0.39,17.2,1.46,1815933600.0,666228969.0,-0.1,-0.35,-19.33,-0.05
227,920239,长虹能源,22.51,-0.79,-0.18,2068.0,4678039.77,1.54,22.78,22.43,22.66,22.69,1.24,0.11,15.51,3.8,4098490332.0,4049098350.0,0.04,-0.31,-24.51,-29.88
228,920656,海昇药业,13.81,-0.79,-0.11,1659.0,2299547.0,1.08,13.92,13.77,13.82,13.92,4.16,0.51,17.18,2.02,1381000000.0,447116441.0,-0.29,-0.29,-12.87,-19.05
229,920570,坤博精工,24.78,-0.8,-0.2,1480.0,3684120.13,1.48,25.08,24.71,24.77,24.98,2.35,0.58,54.44,3.54,1243208164.0,631659942.0,-0.2,-0.12,-20.91,-26.6
230,920675,秉扬科技,7.33,-0.81,-0.06,2576.0,1895769.07,1.49,7.43,7.32,7.39,7.39,1.92,0.33,23.75,2.11,1261962120.0,579200987.0,0.0,-0.14,-23.57,-23.96
231,920566,梓橦宫,9.73,-0.82,-0.08,3185.0,3117514.71,1.02,9.83,9.73,9.82,9.81,1.85,0.28,14.53,1.69,1405614092.0,1093132039.0,-0.41,-0.31,-10.07,-10.9
232,920001,纬达光电,11.91,-0.83,-0.1,3632.0,4359172.04,1.67,12.1,11.9,11.98,12.01,2.15,0.4,-82.83,2.58,1829925099.0,1072525442.0,-0.5,-0.67,-22.51,-38.86
233,920266,生物谷,7.17,-0.83,-0.06,11568.0,8393617.85,2.77,7.35,7.15,7.35,7.23,2.69,0.98,-47.34,1.01,889080050.0,849576577.0,0.14,-0.28,-12.56,-20.95
234,920522,纳科诺尔,22.47,-0.84,-0.19,23514.0,53099085.11,5.08,23.33,22.18,22.4,22.66,2.41,1.29,106.26,4.6,4931064150.0,4090084223.0,1.31,0.72,-42.24,-48.42
235,920082,方正阀门,8.31,-0.84,-0.07,2586.0,2156188.32,1.07,8.37,8.28,8.31,8.38,0.95,0.45,36.83,3.24,1691060070.0,475534083.0,-0.36,-0.24,-23.69,-34.82
236,920363,莱赛激光,10.61,-0.84,-0.09,5435.0,5816681.33,2.62,10.82,10.54,10.61,10.7,3.33,0.77,502.43,3.93,1315873420.0,748136575.0,-0.47,-0.47,-19.74,-28.07
237,920992,中科美菱,11.8,-0.84,-0.1,1789.0,2127254.2,2.35,12.05,11.77,11.89,11.9,2.19,0.36,47.16,1.83,1141425021.0,578403939.0,-0.42,-0.42,-22.83,-31.79
238,920682,球冠电缆,5.85,-0.85,-0.05,4953.0,2908128.19,1.53,5.92,5.83,5.9,5.9,1.74,0.22,84.96,2.07,2277849600.0,1320969698.0,0.0,-0.34,-23.03,-21.79
239,920260,中寰股份,7.88,-0.88,-0.07,1038.0,821954.31,1.38,7.97,7.86,7.92,7.95,1.32,0.1,64.27,1.89,815974000.0,779165015.0,0.25,-0.13,-17.66,-26.9
240,920252,天宏锂电,16.37,-0.91,-0.15,6064.0,9943839.89,1.63,16.56,16.29,16.5,16.52,1.76,0.89,180.99,6.43,1680391386.0,1116945382.0,0.37,0.12,-37.76,-45.7
241,920183,海菲曼,29.33,-0.91,-0.27,476.0,1400577.33,0.95,29.58,29.3,29.58,29.6,1.16,0.42,19.09,3.34,1435762160.0,329957426.0,-0.24,-0.27,-33.66,56.76
242,920662,方盛股份,19.3,-0.92,-0.18,4572.0,8847029.05,2.16,19.6,19.18,19.27,19.48,2.08,1.69,120.62,3.73,1689715039.0,521217383.0,0.05,-0.05,-21.45,-33.22
243,920212,智新电子,9.56,-0.93,-0.09,2179.0,2093100.06,2.18,9.73,9.52,9.58,9.65,3.09,0.42,266.26,2.4,1014316000.0,493317634.0,-0.93,-0.62,-23.82,-29.13
244,920892,广咨国际,10.55,-0.94,-0.1,1140.0,1213542.52,1.88,10.75,10.55,10.72,10.65,1.86,0.08,61.18,5.22,1797206774.0,1591494350.0,-0.28,-0.85,-25.02,-30.18
245,920036,觅睿科技,32.68,-0.94,-0.31,4459.0,14539567.24,4.46,33.4,31.93,32.2,32.99,2.88,3.41,117.19,3.05,1778505306.0,426842532.0,-0.37,-0.06,-36.13,53.28
246,920639,晨光电缆,6.18,-0.96,-0.06,3169.0,1974729.58,1.6,6.28,6.18,6.24,6.24,1.35,0.27,44.85,1.49,1245888000.0,733897458.0,-0.64,-0.64,-27.21,-21.57
247,920957,汉维科技,9.28,-0.96,-0.09,4074.0,3785625.86,1.6,9.4,9.25,9.4,9.37,2.81,0.95,55.88,2.58,995756380.0,396299932.0,0.11,-0.32,-21.16,-25.34
248,920368,连城数控,24.76,-0.96,-0.24,8786.0,21776118.24,1.32,24.96,24.63,24.68,25.0,1.56,0.39,119.29,1.38,5813163694.0,5530617282.0,-0.24,-0.24,-41.66,-0.44
249,920857,泓禧科技,18.47,-0.97,-0.18,5378.0,10038267.51,5.63,19.25,18.2,18.67,18.65,2.0,0.73,-18.65,4.01,1366912097.0,1366912097.0,0.0,-0.65,-6.48,-47.81
250,920693,阿为特,23.52,-0.97,-0.23,2420.0,5746498.36,2.27,23.94,23.4,23.52,23.75,2.06,0.66,1013.63,4.89,1709904000.0,861067200.0,-1.18,-1.18,-26.18,-40.14
251,920346,威贸电子,15.35,-0.97,-0.15,1516.0,2339414.31,1.94,15.6,15.3,15.45,15.5,2.56,0.34,32.61,2.7,1238025131.0,688881414.0,-0.32,-0.45,-26.02,-37.8
252,920225,利通科技,15.11,-0.98,-0.15,10515.0,16005987.51,3.08,15.44,14.97,15.11,15.26,3.64,1.27,50.49,2.63,1917744488.0,1250838347.0,-0.33,-0.72,-40.58,-52.71
253,920242,建邦科技,14.1,-0.98,-0.14,1282.0,1809734.57,1.76,14.29,14.04,14.25,14.24,2.51,0.24,18.75,1.98,1328413170.0,743536217.0,0.21,-0.21,-22.14,-31.39
254,920273,一致魔芋,16.97,-0.99,-0.17,6068.0,10437522.15,3.27,17.47,16.91,17.18,17.14,2.23,0.88,37.61,2.78,1748553231.0,1163975762.0,-0.24,-0.76,-21.87,-46.95
255,920006,晟楠科技,17.04,-0.99,-0.17,5938.0,10187573.94,2.5,17.4,16.97,17.2,17.21,2.09,1.24,-77.59,5.06,1538493888.0,814462788.0,-0.06,-0.41,-18.12,-36.35
256,920717,瑞星股份,8.03,-0.99,-0.08,8374.0,6779781.3,2.59,8.21,8.0,8.14,8.11,2.26,1.89,90.32,1.68,920880400.0,355568400.0,-0.12,-0.25,-13.28,-27.66
257,920267,鑫汇科,18.78,-1.0,-0.19,10195.0,19282523.74,5.01,19.4,18.45,18.45,18.97,1.93,3.75,-62.57,3.7,891729632.0,510384961.0,0.11,0.32,-1.47,-17.27
258,920770,艾能聚,10.64,-1.02,-0.11,6296.0,6735678.38,1.77,10.79,10.6,10.68,10.75,1.58,0.77,108.34,2.31,1384606342.0,871350032.0,0.09,0.0,-31.88,-37.08
259,920035,精创电气,24.25,-1.02,-0.25,2293.0,5580901.93,2.29,24.66,24.1,24.13,24.5,3.04,1.46,37.71,2.98,1683435000.0,381617400.0,-0.12,0.0,-24.85,-26.98
260,920533,骏创科技,18.29,-1.03,-0.19,3967.0,7258404.51,1.68,18.46,18.15,18.46,18.48,2.14,0.54,75.82,6.49,2391551529.0,1337678163.0,0.16,-0.05,-31.6,-42.18
261,920208,青矩技术,12.5,-1.03,-0.13,3316.0,4175597.38,1.66,12.69,12.48,12.59,12.63,1.16,0.21,32.98,2.35,2328030313.0,2015713763.0,0.0,-0.64,-23.03,-26.81
262,920985,海泰新能,4.73,-1.05,-0.05,2628.0,1246531.9,1.46,4.78,4.71,4.78,4.78,0.78,0.12,-9.49,2.32,1463822426.0,1037373473.0,0.0,-0.42,-30.44,-34.21
263,920249,利尔达,9.23,-1.07,-0.1,16903.0,15646223.47,1.93,9.36,9.18,9.22,9.33,2.21,1.36,65.92,5.02,3891644900.0,1150700186.0,0.11,-0.43,-17.81,-29.27
264,920181,赛英电子,71.76,-1.09,-0.79,2381.0,16932052.02,2.15,72.0,70.44,71.17,72.55,2.31,2.38,28.72,4.04,3100032000.0,719035200.0,0.27,-0.15,-35.09,156.29
265,920402,硅烷科技,8.99,-1.1,-0.1,19977.0,18009913.6,1.54,9.09,8.95,9.02,9.09,2.47,0.73,-26.95,2.52,3794320002.0,2453130760.0,0.11,0.22,-8.64,-10.99
266,920000,安徽凤凰,14.3,-1.11,-0.16,6199.0,8847944.63,2.9,14.48,14.06,14.26,14.46,1.62,1.08,25.21,1.96,1311024000.0,823593128.0,-0.42,-1.04,-11.29,-25.71
267,920370,新安洁,2.68,-1.11,-0.03,3863.0,1040403.18,1.11,2.71,2.68,2.71,2.71,1.91,0.15,-27.62,1.43,804759359.0,703195016.0,-0.37,-0.74,-23.86,-35.27
268,920007,酉立智能,37.32,-1.11,-0.42,798.0,2997542.58,2.01,37.96,37.2,37.67,37.74,2.69,0.75,29.51,2.59,1661951034.0,397191162.0,-0.59,0.3,-32.24,-45.71
269,920806,云星宇,10.72,-1.11,-0.12,30888.0,33530017.87,4.43,11.08,10.6,10.65,10.84,6.02,1.03,44.09,2.1,3223897070.0,3223897070.0,0.09,-0.65,-10.59,-21.64
270,920419,路斯股份,10.37,-1.14,-0.12,1901.0,1977588.2,1.43,10.48,10.33,10.47,10.49,0.8,0.2,25.85,1.76,1071287368.0,1002688511.0,0.19,-0.1,-19.24,-34.53
271,920011,晨光电机,19.51,-1.17,-0.23,1875.0,3676229.65,1.17,19.73,19.5,19.6,19.74,1.78,1.01,25.37,1.9,1612826673.0,362886020.0,-0.46,-0.66,-28.56,25.87
272,920821,则成电子,19.0,-1.2,-0.23,22005.0,41828009.23,3.9,19.45,18.7,18.88,19.23,5.12,3.02,-242.03,5.07,2628876081.0,1384215018.0,0.53,-0.05,-24.81,-27.09
273,920779,武汉蓝电,24.52,-1.21,-0.3,7366.0,18321415.46,3.46,25.3,24.44,24.56,24.82,2.61,3.68,55.08,4.42,1963108470.0,490890449.0,-0.08,-0.45,-25.47,-26.01
274,920496,许昌智能,6.41,-1.23,-0.08,6513.0,4192792.76,1.54,6.49,6.39,6.48,6.49,1.69,0.45,360.21,1.88,1061335750.0,929439949.0,-0.16,-0.47,-31.59,-35.84
275,920826,盖世食品,7.98,-1.24,-0.1,4947.0,3977168.41,2.6,8.18,7.97,8.06,8.08,1.13,0.78,29.51,2.97,1121316196.0,503970141.0,0.13,0.0,-21.84,-39.68
276,920374,云里物里,15.5,-1.27,-0.2,1821.0,2854931.47,2.48,15.89,15.5,15.85,15.7,1.81,0.52,166.55,5.18,1326705450.0,541335764.0,-0.58,-0.96,-19.98,-32.73
277,920058,华洋赛车,27.48,-1.29,-0.36,1149.0,3151945.45,1.62,27.75,27.3,27.75,27.84,0.86,0.42,50.21,4.58,1540421903.0,758293782.0,0.11,0.0,-0.69,-20.16
278,920163,方大新材,11.18,-1.32,-0.15,1386.0,1561875.83,1.5,11.34,11.17,11.3,11.33,0.81,0.23,21.89,2.85,1438196989.0,678419561.0,-0.36,-0.71,-11.62,-22.2
279,920230,欧康医药,10.24,-1.35,-0.14,4394.0,4552352.75,2.02,10.45,10.24,10.38,10.38,2.04,0.93,116.67,2.53,1028859935.0,483816940.0,-0.29,-0.78,-16.61,-14.09
280,920982,锦波生物,127.25,-1.38,-1.78,2592.0,33072736.26,2.39,129.75,126.66,128.32,129.03,2.04,0.47,26.06,7.4,14642064515.0,7057934739.0,0.28,0.02,-26.95,-45.43
281,920193,吉和昌,32.92,-1.44,-0.48,11460.0,37559547.74,3.44,33.25,32.1,32.34,33.4,2.04,4.55,36.45,4.93,3665009936.0,829584000.0,-0.24,-0.09,286.38,286.38
282,920433,大唐药业,4.77,-1.45,-0.07,5335.0,2565776.97,1.65,4.85,4.77,4.83,4.84,1.82,0.32,127.71,3.22,1220736878.0,807639209.0,-0.21,-0.83,-13.27,-18.74
283,920556,雅达股份,6.82,-1.45,-0.1,4171.0,2862125.45,1.45,6.9,6.8,6.87,6.92,1.68,0.36,54.48,2.13,1095572179.0,793710891.0,-0.58,-0.44,-29.03,-31.66
284,920139,华岭股份,15.29,-1.48,-0.23,17708.0,27013331.07,2.51,15.44,15.05,15.1,15.52,1.81,0.68,-81.34,4.0,4120768024.0,3980896281.0,0.13,-0.2,-23.74,-26.84
285,920527,夜光明,13.94,-1.48,-0.21,4016.0,5662002.5,3.25,14.27,13.81,14.02,14.15,3.24,0.86,38.02,2.18,836995238.0,649008720.0,0.72,0.87,-21.24,-21.95
286,920445,龙竹科技,6.59,-1.49,-0.1,8284.0,5487820.73,2.54,6.7,6.53,6.62,6.69,1.69,0.77,50.35,3.14,976341615.0,711773583.0,-0.6,-1.2,-32.06,-43.43
287,920075,柏星龙,15.61,-1.51,-0.24,3250.0,5106945.89,2.08,15.89,15.56,15.85,15.85,1.8,0.93,31.69,2.62,1011762150.0,548359023.0,-0.32,-0.32,-27.16,-40.4
288,920896,旺成科技,12.14,-1.54,-0.19,1868.0,2279689.26,1.78,12.35,12.13,12.25,12.33,2.33,0.42,21.98,2.87,1228862274.0,539037973.0,-1.06,-1.22,-29.99,-42.08
289,920047,诺思兰德,17.13,-1.55,-0.27,17597.0,30353481.25,4.54,17.82,17.03,17.37,17.4,3.61,0.98,-98.84,17.69,4698278915.0,3085223095.0,0.29,-0.06,-47.89,-27.75
290,920211,新睿电子,105.36,-1.61,-1.72,1767.0,18590527.77,2.59,106.99,104.22,105.17,107.08,1.73,1.52,58.04,8.73,3624384000.0,1221825257.0,0.2,-0.14,318.26,318.26
291,920571,国航远洋,8.49,-1.62,-0.14,39919.0,33977059.77,1.51,8.59,8.46,8.46,8.63,2.71,1.35,40.28,3.42,4715409276.0,2513755299.0,-0.35,-0.35,-27.25,-13.72
292,920062,科润智控,7.67,-1.67,-0.13,11279.0,8695831.6,2.05,7.79,7.63,7.73,7.8,3.52,0.85,60.03,1.94,1447377145.0,1019066727.0,0.13,-0.13,-31.64,-19.94
293,920021,流金科技,7.52,-1.7,-0.13,69603.0,52547642.1,4.44,7.69,7.35,7.39,7.65,1.97,2.81,100.55,3.61,2323679872.0,1861611141.0,0.53,0.0,-29.65,12.07
294,920469,富恒新材,5.67,-1.73,-0.1,5064.0,2891583.23,2.08,5.77,5.65,5.74,5.77,1.87,0.49,-13.35,2.78,799163820.0,586551079.0,-0.53,-0.53,-30.6,-53.64
295,920735,德源药业,23.81,-1.77,-0.43,5688.0,13650029.29,2.68,24.37,23.72,24.24,24.24,2.46,0.5,13.84,2.34,3072623094.0,2717505635.0,0.25,-0.29,-15.51,-22.04
296,920489,佳先股份,13.23,-1.78,-0.24,18222.0,24247361.54,2.45,13.52,13.19,13.31,13.47,4.03,2.1,-3494.22,3.76,1805355216.0,1148701749.0,0.0,-0.53,-17.11,-26.5
297,920786,骑士乳业,6.86,-1.86,-0.13,34222.0,23532997.18,2.72,7.0,6.81,7.0,6.99,1.88,2.48,28.78,1.91,1434103580.0,947032981.0,0.29,0.73,-15.31,-29.57
298,920189,康美特,22.16,-1.9,-0.43,15227.0,33680370.0,2.26,22.39,21.88,22.02,22.59,1.99,1.79,36.26,4.16,3133645600.0,1880661584.0,-0.09,0.09,172.24,172.24
299,920015,锦华新材,42.87,-1.92,-0.84,5137.0,21987817.46,1.9,43.28,42.45,42.51,43.71,2.0,1.28,49.88,3.53,5811743014.0,1715333303.0,0.4,0.33,-7.07,-9.31
300,920976,视声智能,17.94,-1.97,-0.36,3994.0,7242921.33,2.13,18.3,17.91,18.15,18.3,1.36,0.91,24.76,4.69,1272903996.0,791505624.0,-0.99,-1.05,-40.73,-31.94
301,920284,灵鸽科技,18.72,-1.99,-0.38,11973.0,22790965.93,4.08,19.38,18.6,18.88,19.1,2.19,1.79,306.73,6.22,1961587274.0,1255376323.0,0.0,-0.37,-52.15,-49.74
302,920508,殷图网联,15.3,-1.99,-0.31,3045.0,4722739.82,3.4,15.75,15.22,15.64,15.61,2.38,0.95,-99.03,4.84,918000000.0,488160653.0,-1.16,-0.65,-22.92,-31.08
303,920161,龙辰科技,24.9,-2.05,-0.52,11624.0,28875551.46,2.6,25.17,24.51,24.73,25.42,3.31,3.15,31.58,3.35,3386249131.0,918781116.0,-0.4,-0.4,170.36,170.36
304,920178,锐翔智能,90.98,-2.06,-1.91,2873.0,26227755.54,2.94,92.7,89.97,90.33,92.89,1.89,1.49,45.91,6.41,5999045882.0,1751839370.0,-0.68,-0.97,208.72,208.72
305,920367,新赣江,21.25,-2.07,-0.45,29349.0,64523322.94,9.12,23.1,21.12,22.38,21.7,4.63,6.99,121.13,3.12,1505801563.0,892342283.0,-0.75,-1.12,11.49,5.51
306,920125,鸿仕达,136.0,-2.12,-2.95,5815.0,78924342.27,4.84,138.86,132.13,134.8,138.95,1.93,3.53,1343.23,11.19,7637760000.0,2241489304.0,-0.29,-0.58,-3.2,720.76
307,920375,派诺科技,7.7,-2.16,-0.17,10665.0,8285508.89,2.16,7.85,7.68,7.8,7.87,1.86,1.17,-18.65,1.53,1171288503.0,699796505.0,-0.26,-0.52,-25.75,-17.2
308,920357,雅葆轩,16.2,-2.17,-0.36,8550.0,13903142.16,1.33,16.37,16.15,16.28,16.56,3.39,1.36,20.32,4.05,1686484800.0,1019885256.0,-0.37,-0.25,-21.63,-8.84
309,920953,国子软件,25.12,-2.22,-0.57,12046.0,30299992.89,4.36,25.8,24.68,25.0,25.69,1.89,2.01,637.62,5.49,3218273669.0,1504330115.0,-0.24,-0.91,-18.92,-29.48
310,920792,东和新材,10.1,-2.23,-0.23,9358.0,9436123.7,6.78,10.31,9.61,10.31,10.33,11.77,0.92,17.24,1.59,1671954000.0,1026426014.0,-0.39,-0.39,-11.71,-15.41
311,920670,数字人,13.41,-2.26,-0.31,12622.0,17010263.63,2.77,13.7,13.32,13.44,13.72,3.12,1.89,-47.81,6.04,1423905984.0,893556683.0,-0.15,-0.3,-21.4,-20.08
312,920200,振宏股份,31.37,-2.33,-0.75,8500.0,26794903.84,3.74,32.0,30.8,31.97,32.12,2.31,1.92,21.89,2.78,3185937200.0,1391855530.0,-0.73,-0.57,-58.3,52.43
313,920100,三协电机,35.55,-2.34,-0.85,8055.0,28885442.04,2.36,36.36,35.5,36.0,36.4,2.92,2.94,56.75,8.06,3673488861.0,974005761.0,-0.14,-0.42,-9.79,-32.17
314,920925,锦好医疗,12.44,-2.35,-0.3,8257.0,10449092.3,3.38,12.87,12.44,12.65,12.74,2.59,1.49,-45.79,3.37,1226343199.0,687870459.0,-0.56,-0.64,-19.06,-60.88
315,920186,中科仪,72.28,-2.36,-1.75,19448.0,140278451.53,1.51,72.8,71.68,72.0,74.03,2.44,1.66,23.57,4.72,16179090148.0,8462234704.0,-0.1,-0.32,-38.69,345.9
316,920394,民士达,46.47,-2.37,-1.13,3946.0,18561207.69,3.15,47.9,46.4,47.67,47.6,2.47,0.27,55.56,8.35,6796237500.0,6746180574.0,-0.28,-0.71,-13.9,14.12
317,920699,海达尔,69.36,-2.57,-1.83,2480.0,17397005.0,3.71,71.71,69.07,70.13,71.19,1.73,0.85,109.73,13.25,4430399131.0,2027075131.0,-0.54,-0.49,42.54,107.48
318,920781,瑞奇智造,5.93,-2.63,-0.16,17152.0,10265076.7,2.3,6.07,5.93,6.01,6.09,3.0,1.42,-32.45,2.59,916582630.0,713772088.0,0.0,-0.34,-20.19,-33.82
319,920002,万达轴承,55.85,-2.8,-1.61,4823.0,27252280.12,2.96,57.43,55.73,56.0,57.46,2.21,1.08,50.21,4.68,3557877057.0,2490750995.0,-0.04,-0.89,-19.97,-28.73
320,920199,倍益康,27.43,-2.8,-0.79,8671.0,24040205.45,3.9,28.5,27.4,28.01,28.22,2.43,2.29,855.21,3.55,1868238099.0,1040330890.0,-0.25,-0.51,-18.85,-20.7
321,920176,维琪科技,79.66,-2.98,-2.45,9084.0,73191468.31,6.04,82.96,78.0,82.9,82.11,1.89,11.43,48.63,5.95,4686397800.0,633058020.0,-0.49,-0.61,259.48,259.48
322,920046,亿能电力,22.2,-3.06,-0.7,18764.0,42068822.36,3.49,22.85,22.05,22.39,22.9,2.45,3.36,86.39,8.97,2245530000.0,1241580221.0,-0.31,-0.09,-35.03,66.04
323,920493,并行科技,122.75,-3.31,-4.2,8595.0,106232041.61,2.71,125.45,122.01,123.9,126.95,2.4,1.93,160.18,14.63,7436434976.0,5479183771.0,-0.12,-1.01,-24.35,-7.39
324,920018,宏远股份,16.76,-3.4,-0.59,11302.0,19202703.45,3.34,17.26,16.68,17.15,17.35,2.27,1.97,24.54,3.01,2774256537.0,963548154.0,-0.59,-1.59,-28.68,-19.27
325,920299,灿能电力,16.45,-3.46,-0.59,9417.0,15650640.7,3.81,16.8,16.15,16.5,17.04,2.71,2.07,120.13,5.34,1482297590.0,747072884.0,-0.48,-1.08,-36.31,-17.5
326,920396,常辅股份,22.29,-3.55,-0.82,18730.0,41810341.94,3.85,22.9,22.01,22.9,23.11,3.5,3.65,57.01,4.54,1609809121.0,1143672104.0,0.59,0.59,-25.82,-31.44
327,920685,新芝生物,12.66,-4.09,-0.54,17940.0,22883374.31,4.02,13.14,12.61,12.95,13.2,1.77,3.08,41.63,2.09,1158591813.0,738254911.0,0.16,0.32,-1.63,-6.29
328,920810,春光智能,8.58,-4.13,-0.37,9988.0,8671830.58,3.91,8.86,8.51,8.86,8.95,2.14,1.6,-135.52,3.61,822822000.0,535456736.0,0.0,-0.46,-24.47,-34.7
329,920339,恒太照明,11.06,-4.24,-0.49,6183.0,6889417.35,3.55,11.43,11.02,11.42,11.55,3.54,0.41,-292.38,4.21,2435454028.0,1672019113.0,-0.18,-0.18,30.12,12.86
330,920690,捷众科技,19.31,-5.48,-1.12,32151.0,62795035.06,2.89,19.9,19.31,19.5,20.43,4.69,5.74,28.94,2.85,1664328900.0,1081916205.0,-0.57,-0.1,-6.44,-23.52
331,920222,益坤电气,29.03,-6.42,-1.99,14056.0,41596760.83,6.45,31.0,29.0,30.66,31.02,2.72,12.16,57.69,5.45,2486335313.0,335661988.0,-0.1,-0.31,187.71,187.71
332,920130,立方控股,19.5,-7.63,-1.61,33731.0,67408050.86,4.74,20.5,19.5,20.0,21.11,3.2,5.89,-55.89,3.85,1798743102.0,1117254821.0,-1.52,-1.81,-1.37,-32.67
333,920092,汉鑫科技,33.17,-11.4,-4.27,37981.0,129220882.32,6.22,35.35,33.02,34.5,37.44,6.22,11.75,-195.69,5.87,2059183649.0,1072597957.0,-0.24,-1.07,6.66,-11.4
334,920680,广道退,,,,,,,,,,0.86,,0.0,,,,,,,0.0,0.0
335,920305,云创退,,,,,,,,,,0.4,,0.0,,,,,,,-88.8,-96.04
336,920165,珈凯生物,,,,,,,,,,19.26,,0.0,,,,,,,0.0,0.0
337,920138,杰理科技,,,,,,,,,,18.86,,0.0,,,,,,,0.0,0.0
338,920107,恒兴股份,,,,,,,,,,16.02,,0.0,,,,,,,0.0,0.0
339,833994,翰博高新,,,,,,,,,,32.9,,0.0,,,,,,,0.0,0.0
340,833874,泰祥股份,,,,,,,,,,20.13,,0.0,,,,,,,2.55,2.55
341,832317,观典防务,,,,,,,,,,21.88,,0.0,,,,,,,0.0,0.0
342,810014,莱特定转,,,,,,,,,,100.0,,0.0,,,,200000000.0,,,0.0,-0.83
343,810013,万通定转,,,,,,,,,,100.0,,0.0,,,,150000000.0,,,,
344,810011,优机定转,,,,,,,,,,100.0,,0.0,,,,120000000.0,,,0.0,-0.5
