rank,code,name,industry,uplift_pct,individual_error,hist_date,hist_close,hist_change_pct,hist_turnover,hist_amount,individual_price,total_shares,float_shares,individual_market_cap,individual_float_market_cap,individual_industry,listing_date,hist_error,final_price,final_market_cap,final_float_market_cap
1,688585,上纬新材,化工原料,2455.83,JSONDecodeError: Expecting value: line 1 column 1 (char 0),2026-08-06,163.02,2.02,0.49,314284479.0,,,,,,,,,163.02,,
2,300476,胜宏科技,元器件,1680.08,JSONDecodeError: Expecting value: line 1 column 1 (char 0),2026-08-06,249.39,5.52,4.36,9255279048.32,,,,,,,,,249.39,,
3,688183,生益电子,元器件,1356.99,JSONDecodeError: Expecting value: line 1 column 1 (char 0),2026-08-06,108.86,1.24,0.63,568171879.0,,,,,,,,,108.86,,
4,688195,腾景科技,元器件,1356.83,JSONDecodeError: Expecting value: line 1 column 1 (char 0),,,,,,,,,,,,,"ConnectionError: ('Connection aborted.', RemoteDisconnected('Remote end closed connection without response'))",,,
5,301377,鼎泰高科,机械基件,1314.14,JSONDecodeError: Expecting value: line 1 column 1 (char 0),2026-08-06,424.66,2.06,2.13,874973634.37,,,,,,,,,424.66,,
6,688498,源杰科技,半导体,1144.57,JSONDecodeError: Expecting value: line 1 column 1 (char 0),,,,,,,,,,,,,"ConnectionError: ('Connection aborted.', RemoteDisconnected('Remote end closed connection without response'))",,,
7,603929,亚翔集成,装修装饰,1130.12,JSONDecodeError: Expecting value: line 1 column 1 (char 0),2026-08-06,163.5,2.65,1.45,493961733.0,,,,,,,,,163.5,,
8,603256,宏和科技,玻璃,1115.48,JSONDecodeError: Expecting value: line 1 column 1 (char 0),2026-08-06,145.17,5.11,1.72,2146308386.0,,,,,,,,,145.17,,
9,603516,淳中科技,IT设备,1075.55,JSONDecodeError: Expecting value: line 1 column 1 (char 0),,,,,,,,,,,,,"ConnectionError: ('Connection aborted.', RemoteDisconnected('Remote end closed connection without response'))",,,
10,688519,南亚新材,元器件,1056.88,JSONDecodeError: Expecting value: line 1 column 1 (char 0),2026-08-06,264.86,5.04,1.51,913190798.0,,,,,,,,,264.86,,
11,688313,仕佳光子,通信设备,1025.0,,2026-08-06,115.52,0.79,2.19,1124989944.0,115.42,451986328.0,451986328.0,52168261977.76,52168261977.76,通信设备,20200812.0,,115.42,52168261977.76,52168261977.76
12,301396,宏景科技,软件服务,950.72,,2026-08-06,200.09,0.6,9.84,2764359457.97,200.09,214924565.0,141506795.0,43004256210.85,28314094611.55,IT服务Ⅱ,20221111.0,,200.09,43004256210.85,28314094611.55
13,600113,浙江东日,区域地产,920.23,JSONDecodeError: Expecting value: line 1 column 1 (char 0),,,,,,,,,,,,,"ConnectionError: ('Connection aborted.', RemoteDisconnected('Remote end closed connection without response'))",,,
14,300139,晓程科技,黄金,887.3,,2026-08-06,47.4,6.02,19.21,2133835307.47,47.42,274000000.0,233659225.0,12993080000.0,11080120449.5,贵金属,20101112.0,,47.42,12993080000.0,11080120449.5
15,601869,长飞光纤,通信设备,882.41,,2026-08-06,322.03,3.08,2.17,2788547541.0,322.0,827905108.0,406338314.0,266585444776.0,130840937108.0,通信设备,20180720.0,,322.0,266585444776.0,130840937108.0
16,688256,寒武纪,半导体,860.42,,,,,,,1144.2,628292969.0,628292969.0,718892815129.8,718892815129.8,半导体,20200720.0,"ConnectionError: ('Connection aborted.', RemoteDisconnected('Remote end closed connection without response'))",1144.2,718892815129.8,718892815129.8
17,002384,东山精密,元器件,798.76,,,,,,,188.0,1831607532.0,1386321723.0,344342216016.0,260628483924.0,元件,20100409.0,"ConnectionError: ('Connection aborted.', RemoteDisconnected('Remote end closed connection without response'))",188.0,344342216016.0,260628483924.0
18,300469,信息发展,软件服务,788.08,,,,,,,59.18,248238824.0,248113799.0,14690773604.32,14683374624.82,软件开发,20150611.0,"ConnectionError: ('Connection aborted.', RemoteDisconnected('Remote end closed connection without response'))",59.18,14690773604.32,14683374624.82
19,001267,汇绿生态,通信设备,785.13,,,,,,,36.99,785003428.0,608556558.0,29037276801.72,22510507080.420002,通信设备,20211117.0,"ConnectionError: ('Connection aborted.', RemoteDisconnected('Remote end closed connection without response'))",36.99,29037276801.72,22510507080.420002
20,301338,凯格精机,专用机械,771.89,,,,,,,92.5,148960000.0,108535000.0,13778800000.0,10039487500.0,专用设备,20220816.0,"ConnectionError: ('Connection aborted.', RemoteDisconnected('Remote end closed connection without response'))",92.5,13778800000.0,10039487500.0
21,688125,安达智能,专用机械,770.65,,,,,,,120.2,82425456.0,82203546.0,9907539811.2,9880866229.2,自动化设备,20220415.0,"ConnectionError: ('Connection aborted.', RemoteDisconnected('Remote end closed connection without response'))",120.2,9907539811.2,9880866229.2
22,300870,欧陆通,电气设备,764.82,JSONDecodeError: Expecting value: line 1 column 1 (char 0),,,,,,,,,,,,,"ConnectionError: ('Connection aborted.', RemoteDisconnected('Remote end closed connection without response'))",,,
23,300757,罗博特科,专用机械,728.92,JSONDecodeError: Expecting value: line 1 column 1 (char 0),2026-08-06,472.38,-0.55,1.6,1212356193.0,,,,,,,,,472.38,,
24,688027,国盾量子,通信设备,703.88,JSONDecodeError: Expecting value: line 1 column 1 (char 0),,,,,,,,,,,,,"ConnectionError: ('Connection aborted.', RemoteDisconnected('Remote end closed connection without response'))",,,
25,688525,佰维存储,半导体,693.78,JSONDecodeError: Expecting value: line 1 column 1 (char 0),,,,,,,,,,,,,"ConnectionError: ('Connection aborted.', RemoteDisconnected('Remote end closed connection without response'))",,,
26,300548,长芯博创,通信设备,691.05,JSONDecodeError: Expecting value: line 1 column 1 (char 0),,,,,,,,,,,,,"ConnectionError: ('Connection aborted.', RemoteDisconnected('Remote end closed connection without response'))",,,
27,300209,行云科技,互联网,659.09,,,,,,,36.81,928636126.0,742908901.0,34183095798.06,27346476645.81,软件开发,20110426.0,"ConnectionError: ('Connection aborted.', RemoteDisconnected('Remote end closed connection without response'))",36.81,34183095798.06,27346476645.81
28,002565,顺灏股份,造纸,652.07,,2026-08-06,10.06,6.34,7.26,772331876.88,10.06,1059988922.0,1059955172.0,10663488555.32,10663149030.32,包装印刷,20110318.0,,10.06,10663488555.32,10663149030.32
29,002290,禾盛新材,家用电器,631.74,,2026-08-06,57.13,1.38,1.04,143327214.85,57.13,248112330.0,247326818.0,14174657412.900002,14129781112.34,家电零部件Ⅱ,20090903.0,,57.13,14174657412.900002,14129781112.34
30,002796,世嘉科技,通信设备,631.44,,2026-08-06,28.99,4.13,3.68,237270172.63,28.99,252366948.0,227708203.0,7316117822.5199995,6601260804.969999,通信设备,20160510.0,,28.99,7316117822.5199995,6601260804.969999
31,301306,西测测试,航空,629.5,,2026-08-06,93.81,2.64,2.78,150294985.0,93.93,84400000.0,58262500.0,7927692000.000001,5472596625.0,军工电子Ⅱ,20220726.0,,93.93,7927692000.000001,5472596625.0
32,301209,联合化学,染料涂料,629.45,,2026-08-06,49.18,-0.04,0.61,39745721.45,49.18,156800000.0,133956200.0,7711424000.0,6587965916.0,化学制品,20220825.0,,49.18,7711424000.0,6587965916.0
33,600105,永鼎股份,通信设备,628.4,,2026-08-06,36.98,1.18,4.76,2513503446.0,36.98,1461994802.0,1461994802.0,54064567777.96,54064567777.96,通信设备,19970929.0,,36.98,54064567777.96,54064567777.96
34,688028,沃尔德,机械基件,621.86,,2026-08-06,83.91,6.22,2.84,346221806.0,83.91,150949000.0,150949000.0,12666130590.0,12666130590.0,通用设备,20190722.0,,83.91,12666130590.0,12666130590.0
35,300486,东杰智能,专用机械,617.1,,2026-08-06,20.14,0.7,0.98,93136480.5,20.13,477148936.0,477005527.0,9605008081.68,9602121258.51,自动化设备,20150630.0,,20.13,9605008081.68,9602121258.51
36,603308,应流股份,机械基件,591.93,,,,,,,48.3,679050729.0,679050729.0,32798150210.699997,32798150210.699997,通用设备,20140122.0,"ConnectionError: ('Connection aborted.', RemoteDisconnected('Remote end closed connection without response'))",48.3,32798150210.699997,32798150210.699997
37,002379,宏桥控股,铝,591.14,,,,,,,18.91,13031118202.0,1136373753.0,246418445199.82,21488827669.23,工业金属,20100331.0,"ConnectionError: ('Connection aborted.', RemoteDisconnected('Remote end closed connection without response'))",18.91,246418445199.82,21488827669.23
38,300475,香农芯创,元器件,589.39,,,,,,,150.67,469541767.0,450035767.0,70745858033.89,67806889013.88999,其他电子Ⅱ,20150610.0,"ConnectionError: ('Connection aborted.', RemoteDisconnected('Remote end closed connection without response'))",150.67,70745858033.89,67806889013.88999
39,000657,中钨高新,小金属,587.91,,,,,,,62.1,2278604400.0,1453452007.0,141501333240.0,90259369634.7,小金属,19961205.0,"ConnectionError: ('Connection aborted.', RemoteDisconnected('Remote end closed connection without response'))",62.1,141501333240.0,90259369634.7
40,301326,捷邦科技,元器件,586.36,JSONDecodeError: Expecting value: line 1 column 1 (char 0),,,,,,,,,,,,,"ConnectionError: ('Connection aborted.', RemoteDisconnected('Remote end closed connection without response'))",,,
41,605196,华通线缆,电气设备,586.33,JSONDecodeError: Expecting value: line 1 column 1 (char 0),,,,,,,,,,,,,"ConnectionError: ('Connection aborted.', RemoteDisconnected('Remote end closed connection without response'))",,,
42,300972,万辰集团,食品,583.87,JSONDecodeError: Expecting value: line 1 column 1 (char 0),,,,,,,,,,,,,"ConnectionError: ('Connection aborted.', RemoteDisconnected('Remote end closed connection without response'))",,,
43,688629,华丰科技,元器件,582.68,JSONDecodeError: Expecting value: line 1 column 1 (char 0),,,,,,,,,,,,,"ConnectionError: ('Connection aborted.', RemoteDisconnected('Remote end closed connection without response'))",,,
44,300749,顶固集创,家居用品,568.68,JSONDecodeError: Expecting value: line 1 column 1 (char 0),2026-08-06,20.73,5.82,2.15,68800504.0,,,,,,,,,20.73,,
45,688656,浩欧博,医疗保健,556.5,JSONDecodeError: Expecting value: line 1 column 1 (char 0),2026-08-06,86.85,-0.21,0.15,8337392.0,,,,,,,,,86.85,,
46,301183,东田微,元器件,554.95,JSONDecodeError: Expecting value: line 1 column 1 (char 0),,,,,,,,,,,,,"ConnectionError: ('Connection aborted.', RemoteDisconnected('Remote end closed connection without response'))",,,
47,002052,同洲电子,家用电器,552.57,JSONDecodeError: Expecting value: line 1 column 1 (char 0),,,,,,,,,,,,,"ConnectionError: ('Connection aborted.', RemoteDisconnected('Remote end closed connection without response'))",,,
48,002842,翔鹭钨业,小金属,551.42,JSONDecodeError: Expecting value: line 1 column 1 (char 0),,,,,,,,,,,,,"ConnectionError: ('Connection aborted.', RemoteDisconnected('Remote end closed connection without response'))",,,
49,688325,赛微微电,半导体,549.02,,2026-08-06,109.11,2.12,0.25,22357393.0,109.11,86466427.0,82181375.0,9434351849.97,8966809826.25,半导体,20220422.0,,109.11,9434351849.97,8966809826.25
50,688227,品高股份,软件服务,533.01,,,,,,,83.46,113055275.0,113055275.0,9435593251.5,9435593251.5,IT服务Ⅱ,20211230.0,"ConnectionError: ('Connection aborted.', RemoteDisconnected('Remote end closed connection without response'))",83.46,9435593251.5,9435593251.5
51,300102,乾照光电,半导体,532.14,,,,,,,18.83,920333863.0,915923732.0,17329886640.289997,17246843873.559998,光学光电子,20100812.0,"ConnectionError: ('Connection aborted.', RemoteDisconnected('Remote end closed connection without response'))",18.83,17329886640.289997,17246843873.559998
52,300720,海川智能,电器仪表,531.81,,2026-08-06,70.3,8.69,5.34,659924653.06,70.11,194877256.0,184145221.0,13662844418.16,12910421444.31,通用设备,20171106.0,,70.11,13662844418.16,12910421444.31
53,300857,协创数据,IT设备,526.33,JSONDecodeError: Expecting value: line 1 column 1 (char 0),,,,,,,,,,,,,"ConnectionError: ('Connection aborted.', RemoteDisconnected('Remote end closed connection without response'))",,,
54,300436,广生堂,化学制药,524.06,,,,,,,92.64,159267000.0,136721969.0,14754494880.0,12665923208.16,化学制药,20150422.0,"ConnectionError: ('Connection aborted.', RemoteDisconnected('Remote end closed connection without response'))",92.64,14754494880.0,12665923208.16
55,002364,中恒电气,电气设备,523.09,,2026-08-06,38.96,-0.13,1.53,329482799.13,38.98,563564960.0,558103760.0,21967762140.8,21754884564.8,其他电源设备Ⅱ,20100305.0,,38.98,21967762140.8,21754884564.8
56,301248,杰创智能,软件服务,518.44,,,,,,,63.08,153705000.0,112328700.0,9695711400.0,7085694396.0,IT服务Ⅱ,20220420.0,"ConnectionError: ('Connection aborted.', RemoteDisconnected('Remote end closed connection without response'))",63.08,9695711400.0,7085694396.0
57,688011,新光光电,元器件,513.64,JSONDecodeError: Expecting value: line 1 column 1 (char 0),,,,,,,,,,,,,"ConnectionError: ('Connection aborted.', RemoteDisconnected('Remote end closed connection without response'))",,,
58,300806,斯迪克,塑料,511.59,JSONDecodeError: Expecting value: line 1 column 1 (char 0),,,,,,,,,,,,,"ConnectionError: ('Connection aborted.', RemoteDisconnected('Remote end closed connection without response'))",,,
59,600410,华胜天成,软件服务,506.35,JSONDecodeError: Expecting value: line 1 column 1 (char 0),2026-08-06,16.27,0.74,5.34,945587954.0,,,,,,,,,16.27,,
60,000833,粤桂股份,综合类,503.3,JSONDecodeError: Expecting value: line 1 column 1 (char 0),,,,,,,,,,,,,"ConnectionError: ('Connection aborted.', RemoteDisconnected('Remote end closed connection without response'))",,,
61,300731,科创新源,橡胶,499.44,JSONDecodeError: Expecting value: line 1 column 1 (char 0),,,,,,,,,,,,,"ConnectionError: ('Connection aborted.', RemoteDisconnected('Remote end closed connection without response'))",,,
62,603822,ST嘉澳,化工原料,494.77,JSONDecodeError: Expecting value: line 1 column 1 (char 0),2026-08-06,59.0,0.68,0.23,10508617.0,,,,,,,,,59.0,,
63,688622,*ST禾信,电器仪表,493.97,JSONDecodeError: Expecting value: line 1 column 1 (char 0),2026-08-06,104.38,-3.53,0.46,33199132.0,,,,,,,,,104.38,,
64,002046,国机精工,机械基件,491.93,JSONDecodeError: Expecting value: line 1 column 1 (char 0),2026-08-06,46.36,2.23,0.84,202708054.2,,,,,,,,,46.36,,
65,301018,申菱环境,专用机械,491.7,,,,,,,84.57,374281339.0,282822899.0,31652972839.229996,23918332568.429996,通用设备,20210707.0,"ConnectionError: ('Connection aborted.', RemoteDisconnected('Remote end closed connection without response'))",84.57,31652972839.229996,23918332568.429996
66,000533,顺钠股份,电气设备,486.45,,2026-08-06,12.11,-4.65,9.12,764499415.81,12.11,690816000.0,684902400.0,8365781760.0,8294168064.0,电网设备,19940103.0,,12.11,8365781760.0,8294168064.0
67,300718,长盛轴承,机械基件,484.16,JSONDecodeError: Expecting value: line 1 column 1 (char 0),,,,,,,,,,,,,"ConnectionError: ('Connection aborted.', RemoteDisconnected('Remote end closed connection without response'))",,,
68,605376,博迁新材,小金属,479.78,,2026-08-06,163.81,3.91,4.04,1695255909.0,163.52,261600000.0,261600000.0,42776832000.0,42776832000.0,金属新材料,20201208.0,,163.52,42776832000.0,42776832000.0
69,688702,盛科通信,半导体,473.04,,2026-08-06,369.38,5.4,2.46,1795818876.0,369.38,410000000.0,202991783.0,151445800000.0,74981104804.54,半导体,20230914.0,,369.38,151445800000.0,74981104804.54
70,300604,长川科技,半导体,471.32,JSONDecodeError: Expecting value: line 1 column 1 (char 0),,,,,,,,,,,,,"ConnectionError: ('Connection aborted.', RemoteDisconnected('Remote end closed connection without response'))",,,
71,600289,ST信通,软件服务,465.91,,,,,,,4.43,631052069.0,565922684.0,2795560665.6699996,2507037490.12,通信服务,20000720.0,"ConnectionError: ('Connection aborted.', RemoteDisconnected('Remote end closed connection without response'))",4.43,2795560665.6699996,2507037490.12
72,001309,德明利,半导体,465.18,,,,,,,382.42,226845658.0,165029754.0,86750316532.36,63110678524.68,半导体,20220701.0,"ConnectionError: ('Connection aborted.', RemoteDisconnected('Remote end closed connection without response'))",382.42,86750316532.36,63110678524.68
73,603667,五洲新春,机械基件,461.48,,,,,,,55.63,383151922.0,366202770.0,21314741420.86,20371860095.100002,通用设备,20161025.0,"ConnectionError: ('Connection aborted.', RemoteDisconnected('Remote end closed connection without response'))",55.63,21314741420.86,20371860095.100002
74,300658,延江股份,纺织,461.27,,,,,,,10.68,332764105.0,220843860.0,3553920641.4,2358612424.7999997,个护用品,20170602.0,"ConnectionError: ('Connection aborted.', RemoteDisconnected('Remote end closed connection without response'))",10.68,3553920641.4,2358612424.7999997
75,002837,英维克,专用机械,457.5,JSONDecodeError: Expecting value: line 1 column 1 (char 0),,,,,,,,,,,,,"ConnectionError: ('Connection aborted.', RemoteDisconnected('Remote end closed connection without response'))",,,
76,002428,云南锗业,小金属,452.41,JSONDecodeError: Expecting value: line 1 column 1 (char 0),,,,,,,,,,,,,"ConnectionError: ('Connection aborted.', RemoteDisconnected('Remote end closed connection without response'))",,,
77,301128,强瑞技术,专用机械,451.57,JSONDecodeError: Expecting value: line 1 column 1 (char 0),,,,,,,,,,,,,"ConnectionError: ('Connection aborted.', RemoteDisconnected('Remote end closed connection without response'))",,,
78,603009,北特科技,汽车配件,448.74,JSONDecodeError: Expecting value: line 1 column 1 (char 0),,,,,,,,,,,,,"ConnectionError: ('Connection aborted.', RemoteDisconnected('Remote end closed connection without response'))",,,
79,000962,东方钽业,小金属,446.85,JSONDecodeError: Expecting value: line 1 column 1 (char 0),2026-08-06,54.64,5.83,5.35,1433798444.83,,,,,,,,,54.64,,
80,002716,湖南白银,小金属,446.83,,2026-08-06,8.9,1.48,6.63,1376647196.52,8.91,2823088646.0,2322475674.0,25153719835.86,20693258255.34,贵金属,20140128.0,,8.91,25153719835.86,20693258255.34
81,300085,银之杰,软件服务,446.12,,,,,,,31.85,706640535.0,652012860.0,22506501039.75,20766609591.0,软件开发,20100526.0,"ConnectionError: ('Connection aborted.', RemoteDisconnected('Remote end closed connection without response'))",31.85,22506501039.75,20766609591.0
82,301075,多瑞医药,化学制药,443.23,JSONDecodeError: Expecting value: line 1 column 1 (char 0),2026-08-06,56.29,1.26,0.38,16837468.02,,,,,,,,,56.29,,
83,300342,天银机电,家用电器,441.36,,,,,,,36.0,425035113.0,418798863.0,15301264068.0,15076759068.0,家电零部件Ⅱ,20120726.0,"ConnectionError: ('Connection aborted.', RemoteDisconnected('Remote end closed connection without response'))",36.0,15301264068.0,15076759068.0
84,688309,恒誉环保,环境保护,435.56,,2026-08-06,68.09,2.5,1.05,55822221.0,68.09,79401269.0,79401269.0,5406432406.21,5406432406.21,环保设备Ⅱ,20200714.0,,68.09,5406432406.21,5406432406.21
85,603618,杭电股份,电气设备,435.54,,2026-08-06,26.65,1.64,7.79,1420873081.0,26.68,691375616.0,691375616.0,18445901434.88,18445901434.88,电网设备,20150217.0,,26.68,18445901434.88,18445901434.88
86,300620,光库科技,通信设备,428.12,,,,,,,262.72,249180545.0,247103188.0,65464712782.40001,64918949551.36001,通信设备,20170310.0,"ConnectionError: ('Connection aborted.', RemoteDisconnected('Remote end closed connection without response'))",262.72,65464712782.40001,64918949551.36001
87,000973,佛塑科技,塑料,422.77,,2026-08-06,12.47,-0.16,1.08,130124231.6,12.47,2458236766.0,967423171.0,30654212472.02,12063766942.37,塑料,20000525.0,,12.47,30654212472.02,12063766942.37
88,001896,豫能控股,火力发电,422.18,,,,,,,13.07,1525781330.0,1525781330.0,19941961983.100002,19941961983.100002,电力,19980122.0,"ConnectionError: ('Connection aborted.', RemoteDisconnected('Remote end closed connection without response'))",13.07,19941961983.100002,19941961983.100002
89,301285,鸿日达,元器件,421.96,JSONDecodeError: Expecting value: line 1 column 1 (char 0),,,,,,,,,,,,,"ConnectionError: ('Connection aborted.', RemoteDisconnected('Remote end closed connection without response'))",,,
90,300991,创益通,元器件,421.5,,,,,,,27.96,144000000.0,92142000.0,4026240000.0,2576290320.0,其他电子Ⅱ,20210520.0,"ConnectionError: ('Connection aborted.', RemoteDisconnected('Remote end closed connection without response'))",27.96,4026240000.0,2576290320.0
91,688081,兴图新科,软件服务,420.41,JSONDecodeError: Expecting value: line 1 column 1 (char 0),,,,,,,,,,,,,"ConnectionError: ('Connection aborted.', RemoteDisconnected('Remote end closed connection without response'))",,,
92,301550,斯菱智驱,汽车配件,419.64,JSONDecodeError: Expecting value: line 1 column 1 (char 0),,,,,,,,,,,,,"ConnectionError: ('Connection aborted.', RemoteDisconnected('Remote end closed connection without response'))",,,
93,300468,四方精创,软件服务,417.46,JSONDecodeError: Expecting value: line 1 column 1 (char 0),,,,,,,,,,,,,"ConnectionError: ('Connection aborted.', RemoteDisconnected('Remote end closed connection without response'))",,,
94,600301,华锡有色,小金属,416.49,JSONDecodeError: Expecting value: line 1 column 1 (char 0),2026-08-06,49.06,3.37,3.0,403553665.0,,,,,,,,,49.06,,
95,300499,高澜股份,专用机械,414.89,JSONDecodeError: Expecting value: line 1 column 1 (char 0),2026-08-06,28.27,1.33,2.57,193250653.8,,,,,,,,,28.27,,
96,300385,ST雪浪,环境保护,413.79,JSONDecodeError: Expecting value: line 1 column 1 (char 0),2026-08-06,11.26,-0.35,0.5,16434796.0,,,,,,,,,11.26,,
97,920046,亿能电力,电气设备,413.27,,,,,,,22.41,101150000.0,55927037.0,2266771500.0,1253324899.17,电网设备,20221013.0,"ConnectionError: ('Connection aborted.', RemoteDisconnected('Remote end closed connection without response'))",22.41,2266771500.0,1253324899.17
98,002851,麦格米特,电气设备,412.86,,2026-08-06,119.63,2.69,3.1,1773902448.87,119.63,585010344.0,491689122.0,69984787452.72,58820769664.86,其他电源设备Ⅱ,20170306.0,,119.63,69984787452.72,58820769664.86
99,603663,三祥新材,小金属,410.97,,2026-08-06,38.78,4.08,3.42,774018905.0,38.79,593570127.0,593166927.0,23024585226.329998,23008945098.329998,化学原料,20160801.0,,38.79,23024585226.329998,23008945098.329998
100,688607,康众医疗,医疗保健,410.3,,2026-08-06,43.39,3.53,2.06,69802374.0,43.39,88129027.0,79329027.0,3823918481.53,3442086481.53,医疗器械,20210201.0,,43.39,3823918481.53,3442086481.53
